Subject,Start Date,Start Time,End Time
Fajr,01/01/2023,07:00,07:10
Sunrise,01/01/2023,08:38,08:48
Dhuhr,01/01/2023,13:18,13:28
Asr,01/01/2023,15:41,15:51
Maghrib,01/01/2023,17:59,18:09
Isha,01/01/2023,19:31,19:41
Fajr,01/02/2023,07:00,07:10
Sunrise,01/02/2023,08:38,08:48
Dhuhr,01/02/2023,13:19,13:29
Asr,01/02/2023,15:42,15:52
Maghrib,01/02/2023,18:00,18:10
Isha,01/02/2023,19:32,19:42
Fajr,01/03/2023,07:00,07:10
Sunrise,01/03/2023,08:38,08:48
Dhuhr,01/03/2023,13:19,13:29
Asr,01/03/2023,15:43,15:53
Maghrib,01/03/2023,18:01,18:11
Isha,01/03/2023,19:33,19:43
Fajr,01/04/2023,07:00,07:10
Sunrise,01/04/2023,08:38,08:48
Dhuhr,01/04/2023,13:20,13:30
Asr,01/04/2023,15:43,15:53
Maghrib,01/04/2023,18:01,18:11
Isha,01/04/2023,19:34,19:44
Fajr,01/05/2023,07:01,07:11
Sunrise,01/05/2023,08:38,08:48
Dhuhr,01/05/2023,13:20,13:30
Asr,01/05/2023,15:44,15:54
Maghrib,01/05/2023,18:02,18:12
Isha,01/05/2023,19:34,19:44
Fajr,01/06/2023,07:01,07:11
Sunrise,01/06/2023,08:38,08:48
Dhuhr,01/06/2023,13:21,13:31
Asr,01/06/2023,15:45,15:55
Maghrib,01/06/2023,18:03,18:13
Isha,01/06/2023,19:35,19:45
Fajr,01/07/2023,07:01,07:11
Sunrise,01/07/2023,08:38,08:48
Dhuhr,01/07/2023,13:21,13:31
Asr,01/07/2023,15:46,15:56
Maghrib,01/07/2023,18:04,18:14
Isha,01/07/2023,19:36,19:46
Fajr,01/08/2023,07:01,07:11
Sunrise,01/08/2023,08:38,08:48
Dhuhr,01/08/2023,13:21,13:31
Asr,01/08/2023,15:47,15:57
Maghrib,01/08/2023,18:05,18:15
Isha,01/08/2023,19:37,19:47
Fajr,01/09/2023,07:01,07:11
Sunrise,01/09/2023,08:38,08:48
Dhuhr,01/09/2023,13:22,13:32
Asr,01/09/2023,15:47,15:57
Maghrib,01/09/2023,18:06,18:16
Isha,01/09/2023,19:38,19:48
Fajr,01/10/2023,07:01,07:11
Sunrise,01/10/2023,08:38,08:48
Dhuhr,01/10/2023,13:22,13:32
Asr,01/10/2023,15:48,15:58
Maghrib,01/10/2023,18:07,18:17
Isha,01/10/2023,19:39,19:49
Fajr,01/11/2023,07:00,07:10
Sunrise,01/11/2023,08:37,08:47
Dhuhr,01/11/2023,13:23,13:33
Asr,01/11/2023,15:49,15:59
Maghrib,01/11/2023,18:08,18:18
Isha,01/11/2023,19:40,19:50
Fajr,01/12/2023,07:00,07:10
Sunrise,01/12/2023,08:37,08:47
Dhuhr,01/12/2023,13:23,13:33
Asr,01/12/2023,15:50,16:00
Maghrib,01/12/2023,18:09,18:19
Isha,01/12/2023,19:41,19:51
Fajr,01/13/2023,07:00,07:10
Sunrise,01/13/2023,08:37,08:47
Dhuhr,01/13/2023,13:23,13:33
Asr,01/13/2023,15:51,16:01
Maghrib,01/13/2023,18:10,18:20
Isha,01/13/2023,19:41,19:51
Fajr,01/14/2023,07:00,07:10
Sunrise,01/14/2023,08:36,08:46
Dhuhr,01/14/2023,13:24,13:34
Asr,01/14/2023,15:52,16:02
Maghrib,01/14/2023,18:11,18:21
Isha,01/14/2023,19:42,19:52
Fajr,01/15/2023,07:00,07:10
Sunrise,01/15/2023,08:36,08:46
Dhuhr,01/15/2023,13:24,13:34
Asr,01/15/2023,15:53,16:03
Maghrib,01/15/2023,18:13,18:23
Isha,01/15/2023,19:43,19:53
Fajr,01/16/2023,07:00,07:10
Sunrise,01/16/2023,08:36,08:46
Dhuhr,01/16/2023,13:24,13:34
Asr,01/16/2023,15:54,16:04
Maghrib,01/16/2023,18:14,18:24
Isha,01/16/2023,19:44,19:54
Fajr,01/17/2023,06:59,07:09
Sunrise,01/17/2023,08:35,08:45
Dhuhr,01/17/2023,13:25,13:35
Asr,01/17/2023,15:55,16:05
Maghrib,01/17/2023,18:15,18:25
Isha,01/17/2023,19:45,19:55
Fajr,01/18/2023,06:59,07:09
Sunrise,01/18/2023,08:35,08:45
Dhuhr,01/18/2023,13:25,13:35
Asr,01/18/2023,15:56,16:06
Maghrib,01/18/2023,18:16,18:26
Isha,01/18/2023,19:46,19:56
Fajr,01/19/2023,06:59,07:09
Sunrise,01/19/2023,08:34,08:44
Dhuhr,01/19/2023,13:25,13:35
Asr,01/19/2023,15:57,16:07
Maghrib,01/19/2023,18:17,18:27
Isha,01/19/2023,19:47,19:57
Fajr,01/20/2023,06:58,07:08
Sunrise,01/20/2023,08:34,08:44
Dhuhr,01/20/2023,13:26,13:36
Asr,01/20/2023,15:58,16:08
Maghrib,01/20/2023,18:18,18:28
Isha,01/20/2023,19:48,19:58
Fajr,01/21/2023,06:58,07:08
Sunrise,01/21/2023,08:33,08:43
Dhuhr,01/21/2023,13:26,13:36
Asr,01/21/2023,15:59,16:09
Maghrib,01/21/2023,18:19,18:29
Isha,01/21/2023,19:49,19:59
Fajr,01/22/2023,06:57,07:07
Sunrise,01/22/2023,08:32,08:42
Dhuhr,01/22/2023,13:26,13:36
Asr,01/22/2023,16:00,16:10
Maghrib,01/22/2023,18:21,18:31
Isha,01/22/2023,19:50,20:00
Fajr,01/23/2023,06:57,07:07
Sunrise,01/23/2023,08:32,08:42
Dhuhr,01/23/2023,13:27,13:37
Asr,01/23/2023,16:01,16:11
Maghrib,01/23/2023,18:22,18:32
Isha,01/23/2023,19:51,20:01
Fajr,01/24/2023,06:56,07:06
Sunrise,01/24/2023,08:31,08:41
Dhuhr,01/24/2023,13:27,13:37
Asr,01/24/2023,16:02,16:12
Maghrib,01/24/2023,18:23,18:33
Isha,01/24/2023,19:52,20:02
Fajr,01/25/2023,06:56,07:06
Sunrise,01/25/2023,08:30,08:40
Dhuhr,01/25/2023,13:27,13:37
Asr,01/25/2023,16:03,16:13
Maghrib,01/25/2023,18:24,18:34
Isha,01/25/2023,19:53,20:03
Fajr,01/26/2023,06:55,07:05
Sunrise,01/26/2023,08:30,08:40
Dhuhr,01/26/2023,13:27,13:37
Asr,01/26/2023,16:04,16:14
Maghrib,01/26/2023,18:25,18:35
Isha,01/26/2023,19:54,20:04
Fajr,01/27/2023,06:55,07:05
Sunrise,01/27/2023,08:29,08:39
Dhuhr,01/27/2023,13:27,13:37
Asr,01/27/2023,16:05,16:15
Maghrib,01/27/2023,18:27,18:37
Isha,01/27/2023,19:56,20:06
Fajr,01/28/2023,06:54,07:04
Sunrise,01/28/2023,08:28,08:38
Dhuhr,01/28/2023,13:28,13:38
Asr,01/28/2023,16:06,16:16
Maghrib,01/28/2023,18:28,18:38
Isha,01/28/2023,19:57,20:07
Fajr,01/29/2023,06:53,07:03
Sunrise,01/29/2023,08:27,08:37
Dhuhr,01/29/2023,13:28,13:38
Asr,01/29/2023,16:07,16:17
Maghrib,01/29/2023,18:29,18:39
Isha,01/29/2023,19:58,20:08
Fajr,01/30/2023,06:53,07:03
Sunrise,01/30/2023,08:26,08:36
Dhuhr,01/30/2023,13:28,13:38
Asr,01/30/2023,16:08,16:18
Maghrib,01/30/2023,18:30,18:40
Isha,01/30/2023,19:59,20:09
Fajr,01/31/2023,06:52,07:02
Sunrise,01/31/2023,08:25,08:35
Dhuhr,01/31/2023,13:28,13:38
Asr,01/31/2023,16:09,16:19
Maghrib,01/31/2023,18:31,18:41
Isha,01/31/2023,20:00,20:10
Fajr,02/01/2023,06:51,07:01
Sunrise,02/01/2023,08:25,08:35
Dhuhr,02/01/2023,13:28,13:38
Asr,02/01/2023,16:10,16:20
Maghrib,02/01/2023,18:33,18:43
Isha,02/01/2023,20:01,20:11
Fajr,02/02/2023,06:50,07:00
Sunrise,02/02/2023,08:24,08:34
Dhuhr,02/02/2023,13:28,13:38
Asr,02/02/2023,16:11,16:21
Maghrib,02/02/2023,18:34,18:44
Isha,02/02/2023,20:02,20:12
Fajr,02/03/2023,06:49,06:59
Sunrise,02/03/2023,08:23,08:33
Dhuhr,02/03/2023,13:29,13:39
Asr,02/03/2023,16:12,16:22
Maghrib,02/03/2023,18:35,18:45
Isha,02/03/2023,20:03,20:13
Fajr,02/04/2023,06:49,06:59
Sunrise,02/04/2023,08:22,08:32
Dhuhr,02/04/2023,13:29,13:39
Asr,02/04/2023,16:13,16:23
Maghrib,02/04/2023,18:36,18:46
Isha,02/04/2023,20:04,20:14
Fajr,02/05/2023,06:48,06:58
Sunrise,02/05/2023,08:21,08:31
Dhuhr,02/05/2023,13:29,13:39
Asr,02/05/2023,16:14,16:24
Maghrib,02/05/2023,18:38,18:48
Isha,02/05/2023,20:05,20:15
Fajr,02/06/2023,06:47,06:57
Sunrise,02/06/2023,08:19,08:29
Dhuhr,02/06/2023,13:29,13:39
Asr,02/06/2023,16:14,16:24
Maghrib,02/06/2023,18:39,18:49
Isha,02/06/2023,20:06,20:16
Fajr,02/07/2023,06:46,06:56
Sunrise,02/07/2023,08:18,08:28
Dhuhr,02/07/2023,13:29,13:39
Asr,02/07/2023,16:15,16:25
Maghrib,02/07/2023,18:40,18:50
Isha,02/07/2023,20:07,20:17
Fajr,02/08/2023,06:45,06:55
Sunrise,02/08/2023,08:17,08:27
Dhuhr,02/08/2023,13:29,13:39
Asr,02/08/2023,16:16,16:26
Maghrib,02/08/2023,18:41,18:51
Isha,02/08/2023,20:08,20:18
Fajr,02/09/2023,06:44,06:54
Sunrise,02/09/2023,08:16,08:26
Dhuhr,02/09/2023,13:29,13:39
Asr,02/09/2023,16:17,16:27
Maghrib,02/09/2023,18:42,18:52
Isha,02/09/2023,20:09,20:19
Fajr,02/10/2023,06:43,06:53
Sunrise,02/10/2023,08:15,08:25
Dhuhr,02/10/2023,13:29,13:39
Asr,02/10/2023,16:18,16:28
Maghrib,02/10/2023,18:44,18:54
Isha,02/10/2023,20:10,20:20
Fajr,02/11/2023,06:42,06:52
Sunrise,02/11/2023,08:14,08:24
Dhuhr,02/11/2023,13:29,13:39
Asr,02/11/2023,16:19,16:29
Maghrib,02/11/2023,18:45,18:55
Isha,02/11/2023,20:12,20:22
Fajr,02/12/2023,06:41,06:51
Sunrise,02/12/2023,08:13,08:23
Dhuhr,02/12/2023,13:29,13:39
Asr,02/12/2023,16:20,16:30
Maghrib,02/12/2023,18:46,18:56
Isha,02/12/2023,20:13,20:23
Fajr,02/13/2023,06:40,06:50
Sunrise,02/13/2023,08:11,08:21
Dhuhr,02/13/2023,13:29,13:39
Asr,02/13/2023,16:21,16:31
Maghrib,02/13/2023,18:47,18:57
Isha,02/13/2023,20:14,20:24
Fajr,02/14/2023,06:39,06:49
Sunrise,02/14/2023,08:10,08:20
Dhuhr,02/14/2023,13:29,13:39
Asr,02/14/2023,16:22,16:32
Maghrib,02/14/2023,18:48,18:58
Isha,02/14/2023,20:15,20:25
Fajr,02/15/2023,06:37,06:47
Sunrise,02/15/2023,08:09,08:19
Dhuhr,02/15/2023,13:29,13:39
Asr,02/15/2023,16:23,16:33
Maghrib,02/15/2023,18:50,19:00
Isha,02/15/2023,20:16,20:26
Fajr,02/16/2023,06:36,06:46
Sunrise,02/16/2023,08:08,08:18
Dhuhr,02/16/2023,13:29,13:39
Asr,02/16/2023,16:24,16:34
Maghrib,02/16/2023,18:51,19:01
Isha,02/16/2023,20:17,20:27
Fajr,02/17/2023,06:35,06:45
Sunrise,02/17/2023,08:06,08:16
Dhuhr,02/17/2023,13:29,13:39
Asr,02/17/2023,16:25,16:35
Maghrib,02/17/2023,18:52,19:02
Isha,02/17/2023,20:18,20:28
Fajr,02/18/2023,06:34,06:44
Sunrise,02/18/2023,08:05,08:15
Dhuhr,02/18/2023,13:29,13:39
Asr,02/18/2023,16:26,16:36
Maghrib,02/18/2023,18:53,19:03
Isha,02/18/2023,20:19,20:29
Fajr,02/19/2023,06:32,06:42
Sunrise,02/19/2023,08:04,08:14
Dhuhr,02/19/2023,13:29,13:39
Asr,02/19/2023,16:27,16:37
Maghrib,02/19/2023,18:54,19:04
Isha,02/19/2023,20:20,20:30
Fajr,02/20/2023,06:31,06:41
Sunrise,02/20/2023,08:02,08:12
Dhuhr,02/20/2023,13:29,13:39
Asr,02/20/2023,16:27,16:37
Maghrib,02/20/2023,18:56,19:06
Isha,02/20/2023,20:21,20:31
Fajr,02/21/2023,06:30,06:40
Sunrise,02/21/2023,08:01,08:11
Dhuhr,02/21/2023,13:28,13:38
Asr,02/21/2023,16:28,16:38
Maghrib,02/21/2023,18:57,19:07
Isha,02/21/2023,20:22,20:32
Fajr,02/22/2023,06:29,06:39
Sunrise,02/22/2023,07:59,08:09
Dhuhr,02/22/2023,13:28,13:38
Asr,02/22/2023,16:29,16:39
Maghrib,02/22/2023,18:58,19:08
Isha,02/22/2023,20:23,20:33
Fajr,02/23/2023,06:27,06:37
Sunrise,02/23/2023,07:58,08:08
Dhuhr,02/23/2023,13:28,13:38
Asr,02/23/2023,16:30,16:40
Maghrib,02/23/2023,18:59,19:09
Isha,02/23/2023,20:25,20:35
Fajr,02/24/2023,06:26,06:36
Sunrise,02/24/2023,07:57,08:07
Dhuhr,02/24/2023,13:28,13:38
Asr,02/24/2023,16:31,16:41
Maghrib,02/24/2023,19:00,19:10
Isha,02/24/2023,20:26,20:36
Fajr,02/25/2023,06:24,06:34
Sunrise,02/25/2023,07:55,08:05
Dhuhr,02/25/2023,13:28,13:38
Asr,02/25/2023,16:32,16:42
Maghrib,02/25/2023,19:01,19:11
Isha,02/25/2023,20:27,20:37
Fajr,02/26/2023,06:23,06:33
Sunrise,02/26/2023,07:54,08:04
Dhuhr,02/26/2023,13:28,13:38
Asr,02/26/2023,16:32,16:42
Maghrib,02/26/2023,19:02,19:12
Isha,02/26/2023,20:28,20:38
Fajr,02/27/2023,06:22,06:32
Sunrise,02/27/2023,07:52,08:02
Dhuhr,02/27/2023,13:28,13:38
Asr,02/27/2023,16:33,16:43
Maghrib,02/27/2023,19:04,19:14
Isha,02/27/2023,20:29,20:39
Fajr,02/28/2023,06:20,06:30
Sunrise,02/28/2023,07:51,08:01
Dhuhr,02/28/2023,13:27,13:37
Asr,02/28/2023,16:34,16:44
Maghrib,02/28/2023,19:05,19:15
Isha,02/28/2023,20:30,20:40
Fajr,03/01/2023,06:19,06:29
Sunrise,03/01/2023,07:49,07:59
Dhuhr,03/01/2023,13:27,13:37
Asr,03/01/2023,16:35,16:45
Maghrib,03/01/2023,19:06,19:16
Isha,03/01/2023,20:31,20:41
Fajr,03/02/2023,06:17,06:27
Sunrise,03/02/2023,07:48,07:58
Dhuhr,03/02/2023,13:27,13:37
Asr,03/02/2023,16:35,16:45
Maghrib,03/02/2023,19:07,19:17
Isha,03/02/2023,20:32,20:42
Fajr,03/03/2023,06:16,06:26
Sunrise,03/03/2023,07:46,07:56
Dhuhr,03/03/2023,13:27,13:37
Asr,03/03/2023,16:36,16:46
Maghrib,03/03/2023,19:08,19:18
Isha,03/03/2023,20:33,20:43
Fajr,03/04/2023,06:14,06:24
Sunrise,03/04/2023,07:45,07:55
Dhuhr,03/04/2023,13:27,13:37
Asr,03/04/2023,16:37,16:47
Maghrib,03/04/2023,19:09,19:19
Isha,03/04/2023,20:34,20:44
Fajr,03/05/2023,06:13,06:23
Sunrise,03/05/2023,07:43,07:53
Dhuhr,03/05/2023,13:26,13:36
Asr,03/05/2023,16:38,16:48
Maghrib,03/05/2023,19:10,19:20
Isha,03/05/2023,20:36,20:46
Fajr,03/06/2023,06:11,06:21
Sunrise,03/06/2023,07:41,07:51
Dhuhr,03/06/2023,13:26,13:36
Asr,03/06/2023,16:38,16:48
Maghrib,03/06/2023,19:11,19:21
Isha,03/06/2023,20:37,20:47
Fajr,03/07/2023,06:09,06:19
Sunrise,03/07/2023,07:40,07:50
Dhuhr,03/07/2023,13:26,13:36
Asr,03/07/2023,16:39,16:49
Maghrib,03/07/2023,19:13,19:23
Isha,03/07/2023,20:38,20:48
Fajr,03/08/2023,06:08,06:18
Sunrise,03/08/2023,07:38,07:48
Dhuhr,03/08/2023,13:26,13:36
Asr,03/08/2023,16:40,16:50
Maghrib,03/08/2023,19:14,19:24
Isha,03/08/2023,20:39,20:49
Fajr,03/09/2023,06:06,06:16
Sunrise,03/09/2023,07:37,07:47
Dhuhr,03/09/2023,13:25,13:35
Asr,03/09/2023,16:40,16:50
Maghrib,03/09/2023,19:15,19:25
Isha,03/09/2023,20:40,20:50
Fajr,03/10/2023,06:05,06:15
Sunrise,03/10/2023,07:35,07:45
Dhuhr,03/10/2023,13:25,13:35
Asr,03/10/2023,16:41,16:51
Maghrib,03/10/2023,19:16,19:26
Isha,03/10/2023,20:41,20:51
Fajr,03/11/2023,06:03,06:13
Sunrise,03/11/2023,07:34,07:44
Dhuhr,03/11/2023,13:25,13:35
Asr,03/11/2023,16:42,16:52
Maghrib,03/11/2023,19:17,19:27
Isha,03/11/2023,20:42,20:52
Fajr,03/12/2023,06:01,06:11
Sunrise,03/12/2023,07:32,07:42
Dhuhr,03/12/2023,13:25,13:35
Asr,03/12/2023,16:42,16:52
Maghrib,03/12/2023,19:18,19:28
Isha,03/12/2023,20:43,20:53
Fajr,03/13/2023,06:00,06:10
Sunrise,03/13/2023,07:30,07:40
Dhuhr,03/13/2023,13:24,13:34
Asr,03/13/2023,16:43,16:53
Maghrib,03/13/2023,19:19,19:29
Isha,03/13/2023,20:44,20:54
Fajr,03/14/2023,05:58,06:08
Sunrise,03/14/2023,07:29,07:39
Dhuhr,03/14/2023,13:24,13:34
Asr,03/14/2023,16:44,16:54
Maghrib,03/14/2023,19:20,19:30
Isha,03/14/2023,20:46,20:56
Fajr,03/15/2023,05:56,06:06
Sunrise,03/15/2023,07:27,07:37
Dhuhr,03/15/2023,13:24,13:34
Asr,03/15/2023,16:44,16:54
Maghrib,03/15/2023,19:21,19:31
Isha,03/15/2023,20:47,20:57
Fajr,03/16/2023,05:55,06:05
Sunrise,03/16/2023,07:25,07:35
Dhuhr,03/16/2023,13:24,13:34
Asr,03/16/2023,16:45,16:55
Maghrib,03/16/2023,19:22,19:32
Isha,03/16/2023,20:48,20:58
Fajr,03/17/2023,05:53,06:03
Sunrise,03/17/2023,07:24,07:34
Dhuhr,03/17/2023,13:23,13:33
Asr,03/17/2023,16:45,16:55
Maghrib,03/17/2023,19:23,19:33
Isha,03/17/2023,20:49,20:59
Fajr,03/18/2023,05:51,06:01
Sunrise,03/18/2023,07:22,07:32
Dhuhr,03/18/2023,13:23,13:33
Asr,03/18/2023,16:46,16:56
Maghrib,03/18/2023,19:24,19:34
Isha,03/18/2023,20:50,21:00
Fajr,03/19/2023,05:49,05:59
Sunrise,03/19/2023,07:21,07:31
Dhuhr,03/19/2023,13:23,13:33
Asr,03/19/2023,16:46,16:56
Maghrib,03/19/2023,19:25,19:35
Isha,03/19/2023,20:51,21:01
Fajr,03/20/2023,05:48,05:58
Sunrise,03/20/2023,07:19,07:29
Dhuhr,03/20/2023,13:22,13:32
Asr,03/20/2023,16:47,16:57
Maghrib,03/20/2023,19:26,19:36
Isha,03/20/2023,20:52,21:02
Fajr,03/21/2023,05:46,05:56
Sunrise,03/21/2023,07:17,07:27
Dhuhr,03/21/2023,13:22,13:32
Asr,03/21/2023,16:47,16:57
Maghrib,03/21/2023,19:28,19:38
Isha,03/21/2023,20:54,21:04
Fajr,03/22/2023,05:44,05:54
Sunrise,03/22/2023,07:16,07:26
Dhuhr,03/22/2023,13:22,13:32
Asr,03/22/2023,16:48,16:58
Maghrib,03/22/2023,19:29,19:39
Isha,03/22/2023,20:55,21:05
Fajr,03/23/2023,05:42,05:52
Sunrise,03/23/2023,07:14,07:24
Dhuhr,03/23/2023,13:21,13:31
Asr,03/23/2023,16:48,16:58
Maghrib,03/23/2023,19:30,19:40
Isha,03/23/2023,20:56,21:06
Fajr,03/24/2023,05:41,05:51
Sunrise,03/24/2023,07:12,07:22
Dhuhr,03/24/2023,13:21,13:31
Asr,03/24/2023,16:49,16:59
Maghrib,03/24/2023,19:31,19:41
Isha,03/24/2023,20:57,21:07
Fajr,03/25/2023,05:39,05:49
Sunrise,03/25/2023,07:11,07:21
Dhuhr,03/25/2023,13:21,13:31
Asr,03/25/2023,16:49,16:59
Maghrib,03/25/2023,19:32,19:42
Isha,03/25/2023,20:58,21:08
Fajr,03/26/2023,06:37,06:47
Sunrise,03/26/2023,08:09,08:19
Dhuhr,03/26/2023,14:21,14:31
Asr,03/26/2023,17:50,18:00
Maghrib,03/26/2023,20:33,20:43
Isha,03/26/2023,22:00,22:10
Fajr,03/27/2023,06:35,06:45
Sunrise,03/27/2023,08:07,08:17
Dhuhr,03/27/2023,14:20,14:30
Asr,03/27/2023,17:50,18:00
Maghrib,03/27/2023,20:34,20:44
Isha,03/27/2023,22:01,22:11
Fajr,03/28/2023,06:33,06:43
Sunrise,03/28/2023,08:06,08:16
Dhuhr,03/28/2023,14:20,14:30
Asr,03/28/2023,17:51,18:01
Maghrib,03/28/2023,20:35,20:45
Isha,03/28/2023,22:02,22:12
Fajr,03/29/2023,06:31,06:41
Sunrise,03/29/2023,08:04,08:14
Dhuhr,03/29/2023,14:20,14:30
Asr,03/29/2023,17:51,18:01
Maghrib,03/29/2023,20:36,20:46
Isha,03/29/2023,22:03,22:13
Fajr,03/30/2023,06:30,06:40
Sunrise,03/30/2023,08:02,08:12
Dhuhr,03/30/2023,14:19,14:29
Asr,03/30/2023,17:52,18:02
Maghrib,03/30/2023,20:37,20:47
Isha,03/30/2023,22:04,22:14
Fajr,03/31/2023,06:28,06:38
Sunrise,03/31/2023,08:01,08:11
Dhuhr,03/31/2023,14:19,14:29
Asr,03/31/2023,17:52,18:02
Maghrib,03/31/2023,20:38,20:48
Isha,03/31/2023,22:06,22:16
Fajr,04/01/2023,06:26,06:36
Sunrise,04/01/2023,07:59,08:09
Dhuhr,04/01/2023,14:19,14:29
Asr,04/01/2023,17:53,18:03
Maghrib,04/01/2023,20:39,20:49
Isha,04/01/2023,22:07,22:17
Fajr,04/02/2023,06:24,06:34
Sunrise,04/02/2023,07:58,08:08
Dhuhr,04/02/2023,14:18,14:28
Asr,04/02/2023,17:53,18:03
Maghrib,04/02/2023,20:40,20:50
Isha,04/02/2023,22:08,22:18
Fajr,04/03/2023,06:22,06:32
Sunrise,04/03/2023,07:56,08:06
Dhuhr,04/03/2023,14:18,14:28
Asr,04/03/2023,17:53,18:03
Maghrib,04/03/2023,20:41,20:51
Isha,04/03/2023,22:09,22:19
Fajr,04/04/2023,06:20,06:30
Sunrise,04/04/2023,07:54,08:04
Dhuhr,04/04/2023,14:18,14:28
Asr,04/04/2023,17:54,18:04
Maghrib,04/04/2023,20:42,20:52
Isha,04/04/2023,22:11,22:21
Fajr,04/05/2023,06:18,06:28
Sunrise,04/05/2023,07:53,08:03
Dhuhr,04/05/2023,14:18,14:28
Asr,04/05/2023,17:54,18:04
Maghrib,04/05/2023,20:43,20:53
Isha,04/05/2023,22:12,22:22
Fajr,04/06/2023,06:17,06:27
Sunrise,04/06/2023,07:51,08:01
Dhuhr,04/06/2023,14:17,14:27
Asr,04/06/2023,17:55,18:05
Maghrib,04/06/2023,20:44,20:54
Isha,04/06/2023,22:13,22:23
Fajr,04/07/2023,06:15,06:25
Sunrise,04/07/2023,07:50,08:00
Dhuhr,04/07/2023,14:17,14:27
Asr,04/07/2023,17:55,18:05
Maghrib,04/07/2023,20:45,20:55
Isha,04/07/2023,22:14,22:24
Fajr,04/08/2023,06:13,06:23
Sunrise,04/08/2023,07:48,07:58
Dhuhr,04/08/2023,14:17,14:27
Asr,04/08/2023,17:55,18:05
Maghrib,04/08/2023,20:46,20:56
Isha,04/08/2023,22:16,22:26
Fajr,04/09/2023,06:11,06:21
Sunrise,04/09/2023,07:46,07:56
Dhuhr,04/09/2023,14:16,14:26
Asr,04/09/2023,17:56,18:06
Maghrib,04/09/2023,20:47,20:57
Isha,04/09/2023,22:17,22:27
Fajr,04/10/2023,06:09,06:19
Sunrise,04/10/2023,07:45,07:55
Dhuhr,04/10/2023,14:16,14:26
Asr,04/10/2023,17:56,18:06
Maghrib,04/10/2023,20:48,20:58
Isha,04/10/2023,22:18,22:28
Fajr,04/11/2023,06:07,06:17
Sunrise,04/11/2023,07:43,07:53
Dhuhr,04/11/2023,14:16,14:26
Asr,04/11/2023,17:56,18:06
Maghrib,04/11/2023,20:49,20:59
Isha,04/11/2023,22:20,22:30
Fajr,04/12/2023,06:05,06:15
Sunrise,04/12/2023,07:42,07:52
Dhuhr,04/12/2023,14:16,14:26
Asr,04/12/2023,17:57,18:07
Maghrib,04/12/2023,20:50,21:00
Isha,04/12/2023,22:21,22:31
Fajr,04/13/2023,06:03,06:13
Sunrise,04/13/2023,07:40,07:50
Dhuhr,04/13/2023,14:15,14:25
Asr,04/13/2023,17:57,18:07
Maghrib,04/13/2023,20:51,21:01
Isha,04/13/2023,22:22,22:32
Fajr,04/14/2023,06:02,06:12
Sunrise,04/14/2023,07:39,07:49
Dhuhr,04/14/2023,14:15,14:25
Asr,04/14/2023,17:57,18:07
Maghrib,04/14/2023,20:52,21:02
Isha,04/14/2023,22:24,22:34
Fajr,04/15/2023,06:00,06:10
Sunrise,04/15/2023,07:37,07:47
Dhuhr,04/15/2023,14:15,14:25
Asr,04/15/2023,17:58,18:08
Maghrib,04/15/2023,20:53,21:03
Isha,04/15/2023,22:25,22:35
Fajr,04/16/2023,05:58,06:08
Sunrise,04/16/2023,07:36,07:46
Dhuhr,04/16/2023,14:15,14:25
Asr,04/16/2023,17:58,18:08
Maghrib,04/16/2023,20:54,21:04
Isha,04/16/2023,22:26,22:36
Fajr,04/17/2023,05:56,06:06
Sunrise,04/17/2023,07:34,07:44
Dhuhr,04/17/2023,14:14,14:24
Asr,04/17/2023,17:58,18:08
Maghrib,04/17/2023,20:56,21:06
Isha,04/17/2023,22:28,22:38
Fajr,04/18/2023,05:54,06:04
Sunrise,04/18/2023,07:33,07:43
Dhuhr,04/18/2023,14:14,14:24
Asr,04/18/2023,17:59,18:09
Maghrib,04/18/2023,20:57,21:07
Isha,04/18/2023,22:29,22:39
Fajr,04/19/2023,05:52,06:02
Sunrise,04/19/2023,07:31,07:41
Dhuhr,04/19/2023,14:14,14:24
Asr,04/19/2023,17:59,18:09
Maghrib,04/19/2023,20:58,21:08
Isha,04/19/2023,22:31,22:41
Fajr,04/20/2023,05:50,06:00
Sunrise,04/20/2023,07:30,07:40
Dhuhr,04/20/2023,14:14,14:24
Asr,04/20/2023,17:59,18:09
Maghrib,04/20/2023,20:59,21:09
Isha,04/20/2023,22:32,22:42
Fajr,04/21/2023,05:48,05:58
Sunrise,04/21/2023,07:28,07:38
Dhuhr,04/21/2023,14:14,14:24
Asr,04/21/2023,18:00,18:10
Maghrib,04/21/2023,21:00,21:10
Isha,04/21/2023,22:33,22:43
Fajr,04/22/2023,05:47,05:57
Sunrise,04/22/2023,07:27,07:37
Dhuhr,04/22/2023,14:13,14:23
Asr,04/22/2023,18:00,18:10
Maghrib,04/22/2023,21:01,21:11
Isha,04/22/2023,22:35,22:45
Fajr,04/23/2023,05:45,05:55
Sunrise,04/23/2023,07:25,07:35
Dhuhr,04/23/2023,14:13,14:23
Asr,04/23/2023,18:00,18:10
Maghrib,04/23/2023,21:02,21:12
Isha,04/23/2023,22:36,22:46
Fajr,04/24/2023,05:43,05:53
Sunrise,04/24/2023,07:24,07:34
Dhuhr,04/24/2023,14:13,14:23
Asr,04/24/2023,18:00,18:10
Maghrib,04/24/2023,21:03,21:13
Isha,04/24/2023,22:38,22:48
Fajr,04/25/2023,05:41,05:51
Sunrise,04/25/2023,07:22,07:32
Dhuhr,04/25/2023,14:13,14:23
Asr,04/25/2023,18:01,18:11
Maghrib,04/25/2023,21:04,21:14
Isha,04/25/2023,22:39,22:49
Fajr,04/26/2023,05:39,05:49
Sunrise,04/26/2023,07:21,07:31
Dhuhr,04/26/2023,14:13,14:23
Asr,04/26/2023,18:01,18:11
Maghrib,04/26/2023,21:05,21:15
Isha,04/26/2023,22:40,22:50
Fajr,04/27/2023,05:37,05:47
Sunrise,04/27/2023,07:20,07:30
Dhuhr,04/27/2023,14:13,14:23
Asr,04/27/2023,18:01,18:11
Maghrib,04/27/2023,21:06,21:16
Isha,04/27/2023,22:42,22:52
Fajr,04/28/2023,05:36,05:46
Sunrise,04/28/2023,07:18,07:28
Dhuhr,04/28/2023,14:12,14:22
Asr,04/28/2023,18:02,18:12
Maghrib,04/28/2023,21:07,21:17
Isha,04/28/2023,22:43,22:53
Fajr,04/29/2023,05:34,05:44
Sunrise,04/29/2023,07:17,07:27
Dhuhr,04/29/2023,14:12,14:22
Asr,04/29/2023,18:02,18:12
Maghrib,04/29/2023,21:08,21:18
Isha,04/29/2023,22:45,22:55
Fajr,04/30/2023,05:32,05:42
Sunrise,04/30/2023,07:16,07:26
Dhuhr,04/30/2023,14:12,14:22
Asr,04/30/2023,18:02,18:12
Maghrib,04/30/2023,21:09,21:19
Isha,04/30/2023,22:46,22:56
Fajr,05/01/2023,05:30,05:40
Sunrise,05/01/2023,07:15,07:25
Dhuhr,05/01/2023,14:12,14:22
Asr,05/01/2023,18:02,18:12
Maghrib,05/01/2023,21:10,21:20
Isha,05/01/2023,22:48,22:58
Fajr,05/02/2023,05:29,05:39
Sunrise,05/02/2023,07:13,07:23
Dhuhr,05/02/2023,14:12,14:22
Asr,05/02/2023,18:03,18:13
Maghrib,05/02/2023,21:11,21:21
Isha,05/02/2023,22:49,22:59
Fajr,05/03/2023,05:27,05:37
Sunrise,05/03/2023,07:12,07:22
Dhuhr,05/03/2023,14:12,14:22
Asr,05/03/2023,18:03,18:13
Maghrib,05/03/2023,21:12,21:22
Isha,05/03/2023,22:51,23:01
Fajr,05/04/2023,05:25,05:35
Sunrise,05/04/2023,07:11,07:21
Dhuhr,05/04/2023,14:12,14:22
Asr,05/04/2023,18:03,18:13
Maghrib,05/04/2023,21:13,21:23
Isha,05/04/2023,22:52,23:02
Fajr,05/05/2023,05:23,05:33
Sunrise,05/05/2023,07:10,07:20
Dhuhr,05/05/2023,14:12,14:22
Asr,05/05/2023,18:04,18:14
Maghrib,05/05/2023,21:14,21:24
Isha,05/05/2023,22:54,23:04
Fajr,05/06/2023,05:22,05:32
Sunrise,05/06/2023,07:08,07:18
Dhuhr,05/06/2023,14:11,14:21
Asr,05/06/2023,18:04,18:14
Maghrib,05/06/2023,21:15,21:25
Isha,05/06/2023,22:55,23:05
Fajr,05/07/2023,05:20,05:30
Sunrise,05/07/2023,07:07,07:17
Dhuhr,05/07/2023,14:11,14:21
Asr,05/07/2023,18:04,18:14
Maghrib,05/07/2023,21:16,21:26
Isha,05/07/2023,22:57,23:07
Fajr,05/08/2023,05:18,05:28
Sunrise,05/08/2023,07:06,07:16
Dhuhr,05/08/2023,14:11,14:21
Asr,05/08/2023,18:04,18:14
Maghrib,05/08/2023,21:17,21:27
Isha,05/08/2023,22:58,23:08
Fajr,05/09/2023,05:17,05:27
Sunrise,05/09/2023,07:05,07:15
Dhuhr,05/09/2023,14:11,14:21
Asr,05/09/2023,18:05,18:15
Maghrib,05/09/2023,21:18,21:28
Isha,05/09/2023,23:00,23:10
Fajr,05/10/2023,05:15,05:25
Sunrise,05/10/2023,07:04,07:14
Dhuhr,05/10/2023,14:11,14:21
Asr,05/10/2023,18:05,18:15
Maghrib,05/10/2023,21:19,21:29
Isha,05/10/2023,23:01,23:11
Fajr,05/11/2023,05:14,05:24
Sunrise,05/11/2023,07:03,07:13
Dhuhr,05/11/2023,14:11,14:21
Asr,05/11/2023,18:05,18:15
Maghrib,05/11/2023,21:20,21:30
Isha,05/11/2023,23:02,23:12
Fajr,05/12/2023,05:12,05:22
Sunrise,05/12/2023,07:02,07:12
Dhuhr,05/12/2023,14:11,14:21
Asr,05/12/2023,18:05,18:15
Maghrib,05/12/2023,21:21,21:31
Isha,05/12/2023,23:04,23:14
Fajr,05/13/2023,05:10,05:20
Sunrise,05/13/2023,07:01,07:11
Dhuhr,05/13/2023,14:11,14:21
Asr,05/13/2023,18:06,18:16
Maghrib,05/13/2023,21:22,21:32
Isha,05/13/2023,23:05,23:15
Fajr,05/14/2023,05:09,05:19
Sunrise,05/14/2023,07:00,07:10
Dhuhr,05/14/2023,14:11,14:21
Asr,05/14/2023,18:06,18:16
Maghrib,05/14/2023,21:23,21:33
Isha,05/14/2023,23:07,23:17
Fajr,05/15/2023,05:07,05:17
Sunrise,05/15/2023,06:59,07:09
Dhuhr,05/15/2023,14:11,14:21
Asr,05/15/2023,18:06,18:16
Maghrib,05/15/2023,21:24,21:34
Isha,05/15/2023,23:08,23:18
Fajr,05/16/2023,05:06,05:16
Sunrise,05/16/2023,06:58,07:08
Dhuhr,05/16/2023,14:11,14:21
Asr,05/16/2023,18:06,18:16
Maghrib,05/16/2023,21:25,21:35
Isha,05/16/2023,23:10,23:20
Fajr,05/17/2023,05:04,05:14
Sunrise,05/17/2023,06:57,07:07
Dhuhr,05/17/2023,14:11,14:21
Asr,05/17/2023,18:07,18:17
Maghrib,05/17/2023,21:26,21:36
Isha,05/17/2023,23:11,23:21
Fajr,05/18/2023,05:03,05:13
Sunrise,05/18/2023,06:56,07:06
Dhuhr,05/18/2023,14:11,14:21
Asr,05/18/2023,18:07,18:17
Maghrib,05/18/2023,21:27,21:37
Isha,05/18/2023,23:13,23:23
Fajr,05/19/2023,05:02,05:12
Sunrise,05/19/2023,06:55,07:05
Dhuhr,05/19/2023,14:11,14:21
Asr,05/19/2023,18:07,18:17
Maghrib,05/19/2023,21:28,21:38
Isha,05/19/2023,23:14,23:24
Fajr,05/20/2023,05:00,05:10
Sunrise,05/20/2023,06:54,07:04
Dhuhr,05/20/2023,14:11,14:21
Asr,05/20/2023,18:07,18:17
Maghrib,05/20/2023,21:29,21:39
Isha,05/20/2023,23:15,23:25
Fajr,05/21/2023,04:59,05:09
Sunrise,05/21/2023,06:54,07:04
Dhuhr,05/21/2023,14:11,14:21
Asr,05/21/2023,18:08,18:18
Maghrib,05/21/2023,21:30,21:40
Isha,05/21/2023,23:17,23:27
Fajr,05/22/2023,04:58,05:08
Sunrise,05/22/2023,06:53,07:03
Dhuhr,05/22/2023,14:11,14:21
Asr,05/22/2023,18:08,18:18
Maghrib,05/22/2023,21:30,21:40
Isha,05/22/2023,23:18,23:28
Fajr,05/23/2023,04:56,05:06
Sunrise,05/23/2023,06:52,07:02
Dhuhr,05/23/2023,14:12,14:22
Asr,05/23/2023,18:08,18:18
Maghrib,05/23/2023,21:31,21:41
Isha,05/23/2023,23:19,23:29
Fajr,05/24/2023,04:55,05:05
Sunrise,05/24/2023,06:51,07:01
Dhuhr,05/24/2023,14:12,14:22
Asr,05/24/2023,18:09,18:19
Maghrib,05/24/2023,21:32,21:42
Isha,05/24/2023,23:21,23:31
Fajr,05/25/2023,04:54,05:04
Sunrise,05/25/2023,06:51,07:01
Dhuhr,05/25/2023,14:12,14:22
Asr,05/25/2023,18:09,18:19
Maghrib,05/25/2023,21:33,21:43
Isha,05/25/2023,23:22,23:32
Fajr,05/26/2023,04:53,05:03
Sunrise,05/26/2023,06:50,07:00
Dhuhr,05/26/2023,14:12,14:22
Asr,05/26/2023,18:09,18:19
Maghrib,05/26/2023,21:34,21:44
Isha,05/26/2023,23:23,23:33
Fajr,05/27/2023,04:52,05:02
Sunrise,05/27/2023,06:50,07:00
Dhuhr,05/27/2023,14:12,14:22
Asr,05/27/2023,18:09,18:19
Maghrib,05/27/2023,21:35,21:45
Isha,05/27/2023,23:25,23:35
Fajr,05/28/2023,04:51,05:01
Sunrise,05/28/2023,06:49,06:59
Dhuhr,05/28/2023,14:12,14:22
Asr,05/28/2023,18:10,18:20
Maghrib,05/28/2023,21:36,21:46
Isha,05/28/2023,23:26,23:36
Fajr,05/29/2023,04:50,05:00
Sunrise,05/29/2023,06:48,06:58
Dhuhr,05/29/2023,14:12,14:22
Asr,05/29/2023,18:10,18:20
Maghrib,05/29/2023,21:36,21:46
Isha,05/29/2023,23:27,23:37
Fajr,05/30/2023,04:49,04:59
Sunrise,05/30/2023,06:48,06:58
Dhuhr,05/30/2023,14:12,14:22
Asr,05/30/2023,18:10,18:20
Maghrib,05/30/2023,21:37,21:47
Isha,05/30/2023,23:28,23:38
Fajr,05/31/2023,04:48,04:58
Sunrise,05/31/2023,06:47,06:57
Dhuhr,05/31/2023,14:12,14:22
Asr,05/31/2023,18:10,18:20
Maghrib,05/31/2023,21:38,21:48
Isha,05/31/2023,23:29,23:39
Fajr,06/01/2023,04:47,04:57
Sunrise,06/01/2023,06:47,06:57
Dhuhr,06/01/2023,14:13,14:23
Asr,06/01/2023,18:11,18:21
Maghrib,06/01/2023,21:39,21:49
Isha,06/01/2023,23:31,23:41
Fajr,06/02/2023,04:46,04:56
Sunrise,06/02/2023,06:47,06:57
Dhuhr,06/02/2023,14:13,14:23
Asr,06/02/2023,18:11,18:21
Maghrib,06/02/2023,21:39,21:49
Isha,06/02/2023,23:32,23:42
Fajr,06/03/2023,04:45,04:55
Sunrise,06/03/2023,06:46,06:56
Dhuhr,06/03/2023,14:13,14:23
Asr,06/03/2023,18:11,18:21
Maghrib,06/03/2023,21:40,21:50
Isha,06/03/2023,23:33,23:43
Fajr,06/04/2023,04:44,04:54
Sunrise,06/04/2023,06:46,06:56
Dhuhr,06/04/2023,14:13,14:23
Asr,06/04/2023,18:11,18:21
Maghrib,06/04/2023,21:41,21:51
Isha,06/04/2023,23:34,23:44
Fajr,06/05/2023,04:44,04:54
Sunrise,06/05/2023,06:45,06:55
Dhuhr,06/05/2023,14:13,14:23
Asr,06/05/2023,18:12,18:22
Maghrib,06/05/2023,21:41,21:51
Isha,06/05/2023,23:35,23:45
Fajr,06/06/2023,04:43,04:53
Sunrise,06/06/2023,06:45,06:55
Dhuhr,06/06/2023,14:13,14:23
Asr,06/06/2023,18:12,18:22
Maghrib,06/06/2023,21:42,21:52
Isha,06/06/2023,23:36,23:46
Fajr,06/07/2023,04:42,04:52
Sunrise,06/07/2023,06:45,06:55
Dhuhr,06/07/2023,14:14,14:24
Asr,06/07/2023,18:12,18:22
Maghrib,06/07/2023,21:43,21:53
Isha,06/07/2023,23:37,23:47
Fajr,06/08/2023,04:42,04:52
Sunrise,06/08/2023,06:45,06:55
Dhuhr,06/08/2023,14:14,14:24
Asr,06/08/2023,18:13,18:23
Maghrib,06/08/2023,21:43,21:53
Isha,06/08/2023,23:37,23:47
Fajr,06/09/2023,04:41,04:51
Sunrise,06/09/2023,06:44,06:54
Dhuhr,06/09/2023,14:14,14:24
Asr,06/09/2023,18:13,18:23
Maghrib,06/09/2023,21:44,21:54
Isha,06/09/2023,23:38,23:48
Fajr,06/10/2023,04:41,04:51
Sunrise,06/10/2023,06:44,06:54
Dhuhr,06/10/2023,14:14,14:24
Asr,06/10/2023,18:13,18:23
Maghrib,06/10/2023,21:44,21:54
Isha,06/10/2023,23:39,23:49
Fajr,06/11/2023,04:40,04:50
Sunrise,06/11/2023,06:44,06:54
Dhuhr,06/11/2023,14:14,14:24
Asr,06/11/2023,18:13,18:23
Maghrib,06/11/2023,21:45,21:55
Isha,06/11/2023,23:40,23:50
Fajr,06/12/2023,04:40,04:50
Sunrise,06/12/2023,06:44,06:54
Dhuhr,06/12/2023,14:15,14:25
Asr,06/12/2023,18:14,18:24
Maghrib,06/12/2023,21:45,21:55
Isha,06/12/2023,23:41,23:51
Fajr,06/13/2023,04:40,04:50
Sunrise,06/13/2023,06:44,06:54
Dhuhr,06/13/2023,14:15,14:25
Asr,06/13/2023,18:14,18:24
Maghrib,06/13/2023,21:46,21:56
Isha,06/13/2023,23:41,23:51
Fajr,06/14/2023,04:40,04:50
Sunrise,06/14/2023,06:44,06:54
Dhuhr,06/14/2023,14:15,14:25
Asr,06/14/2023,18:14,18:24
Maghrib,06/14/2023,21:46,21:56
Isha,06/14/2023,23:42,23:52
Fajr,06/15/2023,04:39,04:49
Sunrise,06/15/2023,06:44,06:54
Dhuhr,06/15/2023,14:15,14:25
Asr,06/15/2023,18:14,18:24
Maghrib,06/15/2023,21:47,21:57
Isha,06/15/2023,23:42,23:52
Fajr,06/16/2023,04:39,04:49
Sunrise,06/16/2023,06:44,06:54
Dhuhr,06/16/2023,14:15,14:25
Asr,06/16/2023,18:15,18:25
Maghrib,06/16/2023,21:47,21:57
Isha,06/16/2023,23:43,23:53
Fajr,06/17/2023,04:39,04:49
Sunrise,06/17/2023,06:44,06:54
Dhuhr,06/17/2023,14:16,14:26
Asr,06/17/2023,18:15,18:25
Maghrib,06/17/2023,21:47,21:57
Isha,06/17/2023,23:43,23:53
Fajr,06/18/2023,04:39,04:49
Sunrise,06/18/2023,06:44,06:54
Dhuhr,06/18/2023,14:16,14:26
Asr,06/18/2023,18:15,18:25
Maghrib,06/18/2023,21:48,21:58
Isha,06/18/2023,23:44,23:54
Fajr,06/19/2023,04:39,04:49
Sunrise,06/19/2023,06:44,06:54
Dhuhr,06/19/2023,14:16,14:26
Asr,06/19/2023,18:15,18:25
Maghrib,06/19/2023,21:48,21:58
Isha,06/19/2023,23:44,23:54
Fajr,06/20/2023,04:39,04:49
Sunrise,06/20/2023,06:45,06:55
Dhuhr,06/20/2023,14:16,14:26
Asr,06/20/2023,18:15,18:25
Maghrib,06/20/2023,21:48,21:58
Isha,06/20/2023,23:44,23:54
Fajr,06/21/2023,04:40,04:50
Sunrise,06/21/2023,06:45,06:55
Dhuhr,06/21/2023,14:17,14:27
Asr,06/21/2023,18:16,18:26
Maghrib,06/21/2023,21:48,21:58
Isha,06/21/2023,23:45,23:55
Fajr,06/22/2023,04:40,04:50
Sunrise,06/22/2023,06:45,06:55
Dhuhr,06/22/2023,14:17,14:27
Asr,06/22/2023,18:16,18:26
Maghrib,06/22/2023,21:49,21:59
Isha,06/22/2023,23:45,23:55
Fajr,06/23/2023,04:40,04:50
Sunrise,06/23/2023,06:45,06:55
Dhuhr,06/23/2023,14:17,14:27
Asr,06/23/2023,18:16,18:26
Maghrib,06/23/2023,21:49,21:59
Isha,06/23/2023,23:45,23:55
Fajr,06/24/2023,04:40,04:50
Sunrise,06/24/2023,06:45,06:55
Dhuhr,06/24/2023,14:17,14:27
Asr,06/24/2023,18:16,18:26
Maghrib,06/24/2023,21:49,21:59
Isha,06/24/2023,23:45,23:55
Fajr,06/25/2023,04:41,04:51
Sunrise,06/25/2023,06:46,06:56
Dhuhr,06/25/2023,14:17,14:27
Asr,06/25/2023,18:16,18:26
Maghrib,06/25/2023,21:49,21:59
Isha,06/25/2023,23:45,23:55
Fajr,06/26/2023,04:41,04:51
Sunrise,06/26/2023,06:46,06:56
Dhuhr,06/26/2023,14:18,14:28
Asr,06/26/2023,18:17,18:27
Maghrib,06/26/2023,21:49,21:59
Isha,06/26/2023,23:45,23:55
Fajr,06/27/2023,04:42,04:52
Sunrise,06/27/2023,06:46,06:56
Dhuhr,06/27/2023,14:18,14:28
Asr,06/27/2023,18:17,18:27
Maghrib,06/27/2023,21:49,21:59
Isha,06/27/2023,23:45,23:55
Fajr,06/28/2023,04:42,04:52
Sunrise,06/28/2023,06:47,06:57
Dhuhr,06/28/2023,14:18,14:28
Asr,06/28/2023,18:17,18:27
Maghrib,06/28/2023,21:49,21:59
Isha,06/28/2023,23:45,23:55
Fajr,06/29/2023,04:43,04:53
Sunrise,06/29/2023,06:47,06:57
Dhuhr,06/29/2023,14:18,14:28
Asr,06/29/2023,18:17,18:27
Maghrib,06/29/2023,21:49,21:59
Isha,06/29/2023,23:44,23:54
Fajr,06/30/2023,04:44,04:54
Sunrise,06/30/2023,06:48,06:58
Dhuhr,06/30/2023,14:18,14:28
Asr,06/30/2023,18:17,18:27
Maghrib,06/30/2023,21:49,21:59
Isha,06/30/2023,23:44,23:54
Fajr,07/01/2023,04:44,04:54
Sunrise,07/01/2023,06:48,06:58
Dhuhr,07/01/2023,14:19,14:29
Asr,07/01/2023,18:17,18:27
Maghrib,07/01/2023,21:49,21:59
Isha,07/01/2023,23:44,23:54
Fajr,07/02/2023,04:45,04:55
Sunrise,07/02/2023,06:49,06:59
Dhuhr,07/02/2023,14:19,14:29
Asr,07/02/2023,18:18,18:28
Maghrib,07/02/2023,21:49,21:59
Isha,07/02/2023,23:44,23:54
Fajr,07/03/2023,04:46,04:56
Sunrise,07/03/2023,06:49,06:59
Dhuhr,07/03/2023,14:19,14:29
Asr,07/03/2023,18:18,18:28
Maghrib,07/03/2023,21:49,21:59
Isha,07/03/2023,23:43,23:53
Fajr,07/04/2023,04:47,04:57
Sunrise,07/04/2023,06:50,07:00
Dhuhr,07/04/2023,14:19,14:29
Asr,07/04/2023,18:18,18:28
Maghrib,07/04/2023,21:48,21:58
Isha,07/04/2023,23:43,23:53
Fajr,07/05/2023,04:47,04:57
Sunrise,07/05/2023,06:50,07:00
Dhuhr,07/05/2023,14:19,14:29
Asr,07/05/2023,18:18,18:28
Maghrib,07/05/2023,21:48,21:58
Isha,07/05/2023,23:42,23:52
Fajr,07/06/2023,04:48,04:58
Sunrise,07/06/2023,06:51,07:01
Dhuhr,07/06/2023,14:20,14:30
Asr,07/06/2023,18:18,18:28
Maghrib,07/06/2023,21:48,21:58
Isha,07/06/2023,23:42,23:52
Fajr,07/07/2023,04:49,04:59
Sunrise,07/07/2023,06:52,07:02
Dhuhr,07/07/2023,14:20,14:30
Asr,07/07/2023,18:18,18:28
Maghrib,07/07/2023,21:48,21:58
Isha,07/07/2023,23:41,23:51
Fajr,07/08/2023,04:50,05:00
Sunrise,07/08/2023,06:52,07:02
Dhuhr,07/08/2023,14:20,14:30
Asr,07/08/2023,18:18,18:28
Maghrib,07/08/2023,21:47,21:57
Isha,07/08/2023,23:40,23:50
Fajr,07/09/2023,04:51,05:01
Sunrise,07/09/2023,06:53,07:03
Dhuhr,07/09/2023,14:20,14:30
Asr,07/09/2023,18:18,18:28
Maghrib,07/09/2023,21:47,21:57
Isha,07/09/2023,23:40,23:50
Fajr,07/10/2023,04:52,05:02
Sunrise,07/10/2023,06:54,07:04
Dhuhr,07/10/2023,14:20,14:30
Asr,07/10/2023,18:18,18:28
Maghrib,07/10/2023,21:47,21:57
Isha,07/10/2023,23:39,23:49
Fajr,07/11/2023,04:54,05:04
Sunrise,07/11/2023,06:54,07:04
Dhuhr,07/11/2023,14:20,14:30
Asr,07/11/2023,18:18,18:28
Maghrib,07/11/2023,21:46,21:56
Isha,07/11/2023,23:38,23:48
Fajr,07/12/2023,04:55,05:05
Sunrise,07/12/2023,06:55,07:05
Dhuhr,07/12/2023,14:20,14:30
Asr,07/12/2023,18:18,18:28
Maghrib,07/12/2023,21:46,21:56
Isha,07/12/2023,23:37,23:47
Fajr,07/13/2023,04:56,05:06
Sunrise,07/13/2023,06:56,07:06
Dhuhr,07/13/2023,14:21,14:31
Asr,07/13/2023,18:18,18:28
Maghrib,07/13/2023,21:45,21:55
Isha,07/13/2023,23:36,23:46
Fajr,07/14/2023,04:57,05:07
Sunrise,07/14/2023,06:56,07:06
Dhuhr,07/14/2023,14:21,14:31
Asr,07/14/2023,18:18,18:28
Maghrib,07/14/2023,21:45,21:55
Isha,07/14/2023,23:35,23:45
Fajr,07/15/2023,04:58,05:08
Sunrise,07/15/2023,06:57,07:07
Dhuhr,07/15/2023,14:21,14:31
Asr,07/15/2023,18:18,18:28
Maghrib,07/15/2023,21:44,21:54
Isha,07/15/2023,23:34,23:44
Fajr,07/16/2023,05:00,05:10
Sunrise,07/16/2023,06:58,07:08
Dhuhr,07/16/2023,14:21,14:31
Asr,07/16/2023,18:18,18:28
Maghrib,07/16/2023,21:44,21:54
Isha,07/16/2023,23:33,23:43
Fajr,07/17/2023,05:01,05:11
Sunrise,07/17/2023,06:59,07:09
Dhuhr,07/17/2023,14:21,14:31
Asr,07/17/2023,18:18,18:28
Maghrib,07/17/2023,21:43,21:53
Isha,07/17/2023,23:32,23:42
Fajr,07/18/2023,05:02,05:12
Sunrise,07/18/2023,07:00,07:10
Dhuhr,07/18/2023,14:21,14:31
Asr,07/18/2023,18:18,18:28
Maghrib,07/18/2023,21:42,21:52
Isha,07/18/2023,23:31,23:41
Fajr,07/19/2023,05:03,05:13
Sunrise,07/19/2023,07:00,07:10
Dhuhr,07/19/2023,14:21,14:31
Asr,07/19/2023,18:18,18:28
Maghrib,07/19/2023,21:42,21:52
Isha,07/19/2023,23:30,23:40
Fajr,07/20/2023,05:05,05:15
Sunrise,07/20/2023,07:01,07:11
Dhuhr,07/20/2023,14:21,14:31
Asr,07/20/2023,18:18,18:28
Maghrib,07/20/2023,21:41,21:51
Isha,07/20/2023,23:29,23:39
Fajr,07/21/2023,05:06,05:16
Sunrise,07/21/2023,07:02,07:12
Dhuhr,07/21/2023,14:21,14:31
Asr,07/21/2023,18:18,18:28
Maghrib,07/21/2023,21:40,21:50
Isha,07/21/2023,23:28,23:38
Fajr,07/22/2023,05:08,05:18
Sunrise,07/22/2023,07:03,07:13
Dhuhr,07/22/2023,14:21,14:31
Asr,07/22/2023,18:17,18:27
Maghrib,07/22/2023,21:39,21:49
Isha,07/22/2023,23:26,23:36
Fajr,07/23/2023,05:09,05:19
Sunrise,07/23/2023,07:04,07:14
Dhuhr,07/23/2023,14:21,14:31
Asr,07/23/2023,18:17,18:27
Maghrib,07/23/2023,21:39,21:49
Isha,07/23/2023,23:25,23:35
Fajr,07/24/2023,05:10,05:20
Sunrise,07/24/2023,07:05,07:15
Dhuhr,07/24/2023,14:21,14:31
Asr,07/24/2023,18:17,18:27
Maghrib,07/24/2023,21:38,21:48
Isha,07/24/2023,23:24,23:34
Fajr,07/25/2023,05:12,05:22
Sunrise,07/25/2023,07:05,07:15
Dhuhr,07/25/2023,14:21,14:31
Asr,07/25/2023,18:17,18:27
Maghrib,07/25/2023,21:37,21:47
Isha,07/25/2023,23:23,23:33
Fajr,07/26/2023,05:13,05:23
Sunrise,07/26/2023,07:06,07:16
Dhuhr,07/26/2023,14:21,14:31
Asr,07/26/2023,18:17,18:27
Maghrib,07/26/2023,21:36,21:46
Isha,07/26/2023,23:21,23:31
Fajr,07/27/2023,05:15,05:25
Sunrise,07/27/2023,07:07,07:17
Dhuhr,07/27/2023,14:21,14:31
Asr,07/27/2023,18:16,18:26
Maghrib,07/27/2023,21:35,21:45
Isha,07/27/2023,23:20,23:30
Fajr,07/28/2023,05:16,05:26
Sunrise,07/28/2023,07:08,07:18
Dhuhr,07/28/2023,14:21,14:31
Asr,07/28/2023,18:16,18:26
Maghrib,07/28/2023,21:34,21:44
Isha,07/28/2023,23:18,23:28
Fajr,07/29/2023,05:18,05:28
Sunrise,07/29/2023,07:09,07:19
Dhuhr,07/29/2023,14:21,14:31
Asr,07/29/2023,18:16,18:26
Maghrib,07/29/2023,21:33,21:43
Isha,07/29/2023,23:17,23:27
Fajr,07/30/2023,05:19,05:29
Sunrise,07/30/2023,07:10,07:20
Dhuhr,07/30/2023,14:21,14:31
Asr,07/30/2023,18:16,18:26
Maghrib,07/30/2023,21:32,21:42
Isha,07/30/2023,23:15,23:25
Fajr,07/31/2023,05:20,05:30
Sunrise,07/31/2023,07:11,07:21
Dhuhr,07/31/2023,14:21,14:31
Asr,07/31/2023,18:15,18:25
Maghrib,07/31/2023,21:31,21:41
Isha,07/31/2023,23:14,23:24
Fajr,08/01/2023,05:22,05:32
Sunrise,08/01/2023,07:12,07:22
Dhuhr,08/01/2023,14:21,14:31
Asr,08/01/2023,18:15,18:25
Maghrib,08/01/2023,21:30,21:40
Isha,08/01/2023,23:12,23:22
Fajr,08/02/2023,05:23,05:33
Sunrise,08/02/2023,07:13,07:23
Dhuhr,08/02/2023,14:21,14:31
Asr,08/02/2023,18:15,18:25
Maghrib,08/02/2023,21:29,21:39
Isha,08/02/2023,23:11,23:21
Fajr,08/03/2023,05:25,05:35
Sunrise,08/03/2023,07:14,07:24
Dhuhr,08/03/2023,14:21,14:31
Asr,08/03/2023,18:14,18:24
Maghrib,08/03/2023,21:28,21:38
Isha,08/03/2023,23:09,23:19
Fajr,08/04/2023,05:26,05:36
Sunrise,08/04/2023,07:15,07:25
Dhuhr,08/04/2023,14:21,14:31
Asr,08/04/2023,18:14,18:24
Maghrib,08/04/2023,21:27,21:37
Isha,08/04/2023,23:08,23:18
Fajr,08/05/2023,05:28,05:38
Sunrise,08/05/2023,07:16,07:26
Dhuhr,08/05/2023,14:21,14:31
Asr,08/05/2023,18:14,18:24
Maghrib,08/05/2023,21:26,21:36
Isha,08/05/2023,23:06,23:16
Fajr,08/06/2023,05:29,05:39
Sunrise,08/06/2023,07:17,07:27
Dhuhr,08/06/2023,14:21,14:31
Asr,08/06/2023,18:13,18:23
Maghrib,08/06/2023,21:24,21:34
Isha,08/06/2023,23:04,23:14
Fajr,08/07/2023,05:31,05:41
Sunrise,08/07/2023,07:18,07:28
Dhuhr,08/07/2023,14:21,14:31
Asr,08/07/2023,18:13,18:23
Maghrib,08/07/2023,21:23,21:33
Isha,08/07/2023,23:03,23:13
Fajr,08/08/2023,05:32,05:42
Sunrise,08/08/2023,07:19,07:29
Dhuhr,08/08/2023,14:21,14:31
Asr,08/08/2023,18:12,18:22
Maghrib,08/08/2023,21:22,21:32
Isha,08/08/2023,23:01,23:11
Fajr,08/09/2023,05:34,05:44
Sunrise,08/09/2023,07:20,07:30
Dhuhr,08/09/2023,14:20,14:30
Asr,08/09/2023,18:12,18:22
Maghrib,08/09/2023,21:21,21:31
Isha,08/09/2023,22:59,23:09
Fajr,08/10/2023,05:35,05:45
Sunrise,08/10/2023,07:20,07:30
Dhuhr,08/10/2023,14:20,14:30
Asr,08/10/2023,18:11,18:21
Maghrib,08/10/2023,21:19,21:29
Isha,08/10/2023,22:58,23:08
Fajr,08/11/2023,05:37,05:47
Sunrise,08/11/2023,07:21,07:31
Dhuhr,08/11/2023,14:20,14:30
Asr,08/11/2023,18:11,18:21
Maghrib,08/11/2023,21:18,21:28
Isha,08/11/2023,22:56,23:06
Fajr,08/12/2023,05:38,05:48
Sunrise,08/12/2023,07:22,07:32
Dhuhr,08/12/2023,14:20,14:30
Asr,08/12/2023,18:10,18:20
Maghrib,08/12/2023,21:17,21:27
Isha,08/12/2023,22:54,23:04
Fajr,08/13/2023,05:40,05:50
Sunrise,08/13/2023,07:23,07:33
Dhuhr,08/13/2023,14:20,14:30
Asr,08/13/2023,18:10,18:20
Maghrib,08/13/2023,21:16,21:26
Isha,08/13/2023,22:52,23:02
Fajr,08/14/2023,05:41,05:51
Sunrise,08/14/2023,07:24,07:34
Dhuhr,08/14/2023,14:20,14:30
Asr,08/14/2023,18:09,18:19
Maghrib,08/14/2023,21:14,21:24
Isha,08/14/2023,22:51,23:01
Fajr,08/15/2023,05:42,05:52
Sunrise,08/15/2023,07:25,07:35
Dhuhr,08/15/2023,14:19,14:29
Asr,08/15/2023,18:09,18:19
Maghrib,08/15/2023,21:13,21:23
Isha,08/15/2023,22:49,22:59
Fajr,08/16/2023,05:44,05:54
Sunrise,08/16/2023,07:26,07:36
Dhuhr,08/16/2023,14:19,14:29
Asr,08/16/2023,18:08,18:18
Maghrib,08/16/2023,21:11,21:21
Isha,08/16/2023,22:47,22:57
Fajr,08/17/2023,05:45,05:55
Sunrise,08/17/2023,07:27,07:37
Dhuhr,08/17/2023,14:19,14:29
Asr,08/17/2023,18:07,18:17
Maghrib,08/17/2023,21:10,21:20
Isha,08/17/2023,22:45,22:55
Fajr,08/18/2023,05:47,05:57
Sunrise,08/18/2023,07:28,07:38
Dhuhr,08/18/2023,14:19,14:29
Asr,08/18/2023,18:07,18:17
Maghrib,08/18/2023,21:09,21:19
Isha,08/18/2023,22:44,22:54
Fajr,08/19/2023,05:48,05:58
Sunrise,08/19/2023,07:29,07:39
Dhuhr,08/19/2023,14:19,14:29
Asr,08/19/2023,18:06,18:16
Maghrib,08/19/2023,21:07,21:17
Isha,08/19/2023,22:42,22:52
Fajr,08/20/2023,05:49,05:59
Sunrise,08/20/2023,07:30,07:40
Dhuhr,08/20/2023,14:18,14:28
Asr,08/20/2023,18:05,18:15
Maghrib,08/20/2023,21:06,21:16
Isha,08/20/2023,22:40,22:50
Fajr,08/21/2023,05:51,06:01
Sunrise,08/21/2023,07:31,07:41
Dhuhr,08/21/2023,14:18,14:28
Asr,08/21/2023,18:05,18:15
Maghrib,08/21/2023,21:04,21:14
Isha,08/21/2023,22:38,22:48
Fajr,08/22/2023,05:52,06:02
Sunrise,08/22/2023,07:32,07:42
Dhuhr,08/22/2023,14:18,14:28
Asr,08/22/2023,18:04,18:14
Maghrib,08/22/2023,21:03,21:13
Isha,08/22/2023,22:36,22:46
Fajr,08/23/2023,05:54,06:04
Sunrise,08/23/2023,07:33,07:43
Dhuhr,08/23/2023,14:18,14:28
Asr,08/23/2023,18:03,18:13
Maghrib,08/23/2023,21:01,21:11
Isha,08/23/2023,22:34,22:44
Fajr,08/24/2023,05:55,06:05
Sunrise,08/24/2023,07:34,07:44
Dhuhr,08/24/2023,14:17,14:27
Asr,08/24/2023,18:02,18:12
Maghrib,08/24/2023,21:00,21:10
Isha,08/24/2023,22:33,22:43
Fajr,08/25/2023,05:56,06:06
Sunrise,08/25/2023,07:35,07:45
Dhuhr,08/25/2023,14:17,14:27
Asr,08/25/2023,18:02,18:12
Maghrib,08/25/2023,20:58,21:08
Isha,08/25/2023,22:31,22:41
Fajr,08/26/2023,05:58,06:08
Sunrise,08/26/2023,07:36,07:46
Dhuhr,08/26/2023,14:17,14:27
Asr,08/26/2023,18:01,18:11
Maghrib,08/26/2023,20:57,21:07
Isha,08/26/2023,22:29,22:39
Fajr,08/27/2023,05:59,06:09
Sunrise,08/27/2023,07:37,07:47
Dhuhr,08/27/2023,14:16,14:26
Asr,08/27/2023,18:00,18:10
Maghrib,08/27/2023,20:55,21:05
Isha,08/27/2023,22:27,22:37
Fajr,08/28/2023,06:00,06:10
Sunrise,08/28/2023,07:38,07:48
Dhuhr,08/28/2023,14:16,14:26
Asr,08/28/2023,17:59,18:09
Maghrib,08/28/2023,20:54,21:04
Isha,08/28/2023,22:25,22:35
Fajr,08/29/2023,06:02,06:12
Sunrise,08/29/2023,07:39,07:49
Dhuhr,08/29/2023,14:16,14:26
Asr,08/29/2023,17:58,18:08
Maghrib,08/29/2023,20:52,21:02
Isha,08/29/2023,22:23,22:33
Fajr,08/30/2023,06:03,06:13
Sunrise,08/30/2023,07:40,07:50
Dhuhr,08/30/2023,14:16,14:26
Asr,08/30/2023,17:58,18:08
Maghrib,08/30/2023,20:51,21:01
Isha,08/30/2023,22:21,22:31
Fajr,08/31/2023,06:04,06:14
Sunrise,08/31/2023,07:41,07:51
Dhuhr,08/31/2023,14:15,14:25
Asr,08/31/2023,17:57,18:07
Maghrib,08/31/2023,20:49,20:59
Isha,08/31/2023,22:19,22:29
Fajr,09/01/2023,06:05,06:15
Sunrise,09/01/2023,07:42,07:52
Dhuhr,09/01/2023,14:15,14:25
Asr,09/01/2023,17:56,18:06
Maghrib,09/01/2023,20:47,20:57
Isha,09/01/2023,22:18,22:28
Fajr,09/02/2023,06:07,06:17
Sunrise,09/02/2023,07:43,07:53
Dhuhr,09/02/2023,14:15,14:25
Asr,09/02/2023,17:55,18:05
Maghrib,09/02/2023,20:46,20:56
Isha,09/02/2023,22:16,22:26
Fajr,09/03/2023,06:08,06:18
Sunrise,09/03/2023,07:44,07:54
Dhuhr,09/03/2023,14:14,14:24
Asr,09/03/2023,17:54,18:04
Maghrib,09/03/2023,20:44,20:54
Isha,09/03/2023,22:14,22:24
Fajr,09/04/2023,06:09,06:19
Sunrise,09/04/2023,07:45,07:55
Dhuhr,09/04/2023,14:14,14:24
Asr,09/04/2023,17:53,18:03
Maghrib,09/04/2023,20:43,20:53
Isha,09/04/2023,22:12,22:22
Fajr,09/05/2023,06:11,06:21
Sunrise,09/05/2023,07:46,07:56
Dhuhr,09/05/2023,14:14,14:24
Asr,09/05/2023,17:52,18:02
Maghrib,09/05/2023,20:41,20:51
Isha,09/05/2023,22:10,22:20
Fajr,09/06/2023,06:12,06:22
Sunrise,09/06/2023,07:47,07:57
Dhuhr,09/06/2023,14:13,14:23
Asr,09/06/2023,17:51,18:01
Maghrib,09/06/2023,20:39,20:49
Isha,09/06/2023,22:08,22:18
Fajr,09/07/2023,06:13,06:23
Sunrise,09/07/2023,07:48,07:58
Dhuhr,09/07/2023,14:13,14:23
Asr,09/07/2023,17:50,18:00
Maghrib,09/07/2023,20:38,20:48
Isha,09/07/2023,22:06,22:16
Fajr,09/08/2023,06:14,06:24
Sunrise,09/08/2023,07:48,07:58
Dhuhr,09/08/2023,14:13,14:23
Asr,09/08/2023,17:49,17:59
Maghrib,09/08/2023,20:36,20:46
Isha,09/08/2023,22:04,22:14
Fajr,09/09/2023,06:15,06:25
Sunrise,09/09/2023,07:49,07:59
Dhuhr,09/09/2023,14:12,14:22
Asr,09/09/2023,17:48,17:58
Maghrib,09/09/2023,20:34,20:44
Isha,09/09/2023,22:03,22:13
Fajr,09/10/2023,06:17,06:27
Sunrise,09/10/2023,07:50,08:00
Dhuhr,09/10/2023,14:12,14:22
Asr,09/10/2023,17:47,17:57
Maghrib,09/10/2023,20:33,20:43
Isha,09/10/2023,22:01,22:11
Fajr,09/11/2023,06:18,06:28
Sunrise,09/11/2023,07:51,08:01
Dhuhr,09/11/2023,14:12,14:22
Asr,09/11/2023,17:46,17:56
Maghrib,09/11/2023,20:31,20:41
Isha,09/11/2023,21:59,22:09
Fajr,09/12/2023,06:19,06:29
Sunrise,09/12/2023,07:52,08:02
Dhuhr,09/12/2023,14:11,14:21
Asr,09/12/2023,17:45,17:55
Maghrib,09/12/2023,20:29,20:39
Isha,09/12/2023,21:57,22:07
Fajr,09/13/2023,06:20,06:30
Sunrise,09/13/2023,07:53,08:03
Dhuhr,09/13/2023,14:11,14:21
Asr,09/13/2023,17:44,17:54
Maghrib,09/13/2023,20:28,20:38
Isha,09/13/2023,21:55,22:05
Fajr,09/14/2023,06:21,06:31
Sunrise,09/14/2023,07:54,08:04
Dhuhr,09/14/2023,14:10,14:20
Asr,09/14/2023,17:43,17:53
Maghrib,09/14/2023,20:26,20:36
Isha,09/14/2023,21:53,22:03
Fajr,09/15/2023,06:22,06:32
Sunrise,09/15/2023,07:55,08:05
Dhuhr,09/15/2023,14:10,14:20
Asr,09/15/2023,17:42,17:52
Maghrib,09/15/2023,20:24,20:34
Isha,09/15/2023,21:51,22:01
Fajr,09/16/2023,06:24,06:34
Sunrise,09/16/2023,07:56,08:06
Dhuhr,09/16/2023,14:10,14:20
Asr,09/16/2023,17:41,17:51
Maghrib,09/16/2023,20:23,20:33
Isha,09/16/2023,21:50,22:00
Fajr,09/17/2023,06:25,06:35
Sunrise,09/17/2023,07:57,08:07
Dhuhr,09/17/2023,14:09,14:19
Asr,09/17/2023,17:40,17:50
Maghrib,09/17/2023,20:21,20:31
Isha,09/17/2023,21:48,21:58
Fajr,09/18/2023,06:26,06:36
Sunrise,09/18/2023,07:58,08:08
Dhuhr,09/18/2023,14:09,14:19
Asr,09/18/2023,17:39,17:49
Maghrib,09/18/2023,20:19,20:29
Isha,09/18/2023,21:46,21:56
Fajr,09/19/2023,06:27,06:37
Sunrise,09/19/2023,07:59,08:09
Dhuhr,09/19/2023,14:09,14:19
Asr,09/19/2023,17:38,17:48
Maghrib,09/19/2023,20:18,20:28
Isha,09/19/2023,21:44,21:54
Fajr,09/20/2023,06:28,06:38
Sunrise,09/20/2023,08:00,08:10
Dhuhr,09/20/2023,14:08,14:18
Asr,09/20/2023,17:37,17:47
Maghrib,09/20/2023,20:16,20:26
Isha,09/20/2023,21:42,21:52
Fajr,09/21/2023,06:29,06:39
Sunrise,09/21/2023,08:01,08:11
Dhuhr,09/21/2023,14:08,14:18
Asr,09/21/2023,17:36,17:46
Maghrib,09/21/2023,20:14,20:24
Isha,09/21/2023,21:40,21:50
Fajr,09/22/2023,06:30,06:40
Sunrise,09/22/2023,08:02,08:12
Dhuhr,09/22/2023,14:08,14:18
Asr,09/22/2023,17:34,17:44
Maghrib,09/22/2023,20:13,20:23
Isha,09/22/2023,21:39,21:49
Fajr,09/23/2023,06:31,06:41
Sunrise,09/23/2023,08:03,08:13
Dhuhr,09/23/2023,14:07,14:17
Asr,09/23/2023,17:33,17:43
Maghrib,09/23/2023,20:11,20:21
Isha,09/23/2023,21:37,21:47
Fajr,09/24/2023,06:33,06:43
Sunrise,09/24/2023,08:04,08:14
Dhuhr,09/24/2023,14:07,14:17
Asr,09/24/2023,17:32,17:42
Maghrib,09/24/2023,20:09,20:19
Isha,09/24/2023,21:35,21:45
Fajr,09/25/2023,06:34,06:44
Sunrise,09/25/2023,08:05,08:15
Dhuhr,09/25/2023,14:07,14:17
Asr,09/25/2023,17:31,17:41
Maghrib,09/25/2023,20:08,20:18
Isha,09/25/2023,21:33,21:43
Fajr,09/26/2023,06:35,06:45
Sunrise,09/26/2023,08:06,08:16
Dhuhr,09/26/2023,14:06,14:16
Asr,09/26/2023,17:30,17:40
Maghrib,09/26/2023,20:06,20:16
Isha,09/26/2023,21:32,21:42
Fajr,09/27/2023,06:36,06:46
Sunrise,09/27/2023,08:07,08:17
Dhuhr,09/27/2023,14:06,14:16
Asr,09/27/2023,17:29,17:39
Maghrib,09/27/2023,20:04,20:14
Isha,09/27/2023,21:30,21:40
Fajr,09/28/2023,06:37,06:47
Sunrise,09/28/2023,08:08,08:18
Dhuhr,09/28/2023,14:06,14:16
Asr,09/28/2023,17:28,17:38
Maghrib,09/28/2023,20:03,20:13
Isha,09/28/2023,21:28,21:38
Fajr,09/29/2023,06:38,06:48
Sunrise,09/29/2023,08:09,08:19
Dhuhr,09/29/2023,14:05,14:15
Asr,09/29/2023,17:27,17:37
Maghrib,09/29/2023,20:01,20:11
Isha,09/29/2023,21:26,21:36
Fajr,09/30/2023,06:39,06:49
Sunrise,09/30/2023,08:10,08:20
Dhuhr,09/30/2023,14:05,14:15
Asr,09/30/2023,17:25,17:35
Maghrib,09/30/2023,19:59,20:09
Isha,09/30/2023,21:25,21:35
Fajr,10/01/2023,06:40,06:50
Sunrise,10/01/2023,08:11,08:21
Dhuhr,10/01/2023,14:05,14:15
Asr,10/01/2023,17:24,17:34
Maghrib,10/01/2023,19:58,20:08
Isha,10/01/2023,21:23,21:33
Fajr,10/02/2023,06:41,06:51
Sunrise,10/02/2023,08:12,08:22
Dhuhr,10/02/2023,14:04,14:14
Asr,10/02/2023,17:23,17:33
Maghrib,10/02/2023,19:56,20:06
Isha,10/02/2023,21:21,21:31
Fajr,10/03/2023,06:42,06:52
Sunrise,10/03/2023,08:13,08:23
Dhuhr,10/03/2023,14:04,14:14
Asr,10/03/2023,17:22,17:32
Maghrib,10/03/2023,19:54,20:04
Isha,10/03/2023,21:20,21:30
Fajr,10/04/2023,06:43,06:53
Sunrise,10/04/2023,08:14,08:24
Dhuhr,10/04/2023,14:04,14:14
Asr,10/04/2023,17:21,17:31
Maghrib,10/04/2023,19:53,20:03
Isha,10/04/2023,21:18,21:28
Fajr,10/05/2023,06:44,06:54
Sunrise,10/05/2023,08:15,08:25
Dhuhr,10/05/2023,14:03,14:13
Asr,10/05/2023,17:20,17:30
Maghrib,10/05/2023,19:51,20:01
Isha,10/05/2023,21:16,21:26
Fajr,10/06/2023,06:45,06:55
Sunrise,10/06/2023,08:16,08:26
Dhuhr,10/06/2023,14:03,14:13
Asr,10/06/2023,17:18,17:28
Maghrib,10/06/2023,19:49,19:59
Isha,10/06/2023,21:15,21:25
Fajr,10/07/2023,06:46,06:56
Sunrise,10/07/2023,08:17,08:27
Dhuhr,10/07/2023,14:03,14:13
Asr,10/07/2023,17:17,17:27
Maghrib,10/07/2023,19:48,19:58
Isha,10/07/2023,21:13,21:23
Fajr,10/08/2023,06:47,06:57
Sunrise,10/08/2023,08:18,08:28
Dhuhr,10/08/2023,14:02,14:12
Asr,10/08/2023,17:16,17:26
Maghrib,10/08/2023,19:46,19:56
Isha,10/08/2023,21:11,21:21
Fajr,10/09/2023,06:48,06:58
Sunrise,10/09/2023,08:19,08:29
Dhuhr,10/09/2023,14:02,14:12
Asr,10/09/2023,17:15,17:25
Maghrib,10/09/2023,19:45,19:55
Isha,10/09/2023,21:10,21:20
Fajr,10/10/2023,06:49,06:59
Sunrise,10/10/2023,08:20,08:30
Dhuhr,10/10/2023,14:02,14:12
Asr,10/10/2023,17:14,17:24
Maghrib,10/10/2023,19:43,19:53
Isha,10/10/2023,21:08,21:18
Fajr,10/11/2023,06:51,07:01
Sunrise,10/11/2023,08:21,08:31
Dhuhr,10/11/2023,14:02,14:12
Asr,10/11/2023,17:13,17:23
Maghrib,10/11/2023,19:42,19:52
Isha,10/11/2023,21:07,21:17
Fajr,10/12/2023,06:52,07:02
Sunrise,10/12/2023,08:22,08:32
Dhuhr,10/12/2023,14:01,14:11
Asr,10/12/2023,17:12,17:22
Maghrib,10/12/2023,19:40,19:50
Isha,10/12/2023,21:05,21:15
Fajr,10/13/2023,06:53,07:03
Sunrise,10/13/2023,08:23,08:33
Dhuhr,10/13/2023,14:01,14:11
Asr,10/13/2023,17:10,17:20
Maghrib,10/13/2023,19:38,19:48
Isha,10/13/2023,21:04,21:14
Fajr,10/14/2023,06:54,07:04
Sunrise,10/14/2023,08:24,08:34
Dhuhr,10/14/2023,14:01,14:11
Asr,10/14/2023,17:09,17:19
Maghrib,10/14/2023,19:37,19:47
Isha,10/14/2023,21:02,21:12
Fajr,10/15/2023,06:55,07:05
Sunrise,10/15/2023,08:25,08:35
Dhuhr,10/15/2023,14:01,14:11
Asr,10/15/2023,17:08,17:18
Maghrib,10/15/2023,19:35,19:45
Isha,10/15/2023,21:01,21:11
Fajr,10/16/2023,06:56,07:06
Sunrise,10/16/2023,08:26,08:36
Dhuhr,10/16/2023,14:00,14:10
Asr,10/16/2023,17:07,17:17
Maghrib,10/16/2023,19:34,19:44
Isha,10/16/2023,20:59,21:09
Fajr,10/17/2023,06:57,07:07
Sunrise,10/17/2023,08:27,08:37
Dhuhr,10/17/2023,14:00,14:10
Asr,10/17/2023,17:06,17:16
Maghrib,10/17/2023,19:32,19:42
Isha,10/17/2023,20:58,21:08
Fajr,10/18/2023,06:58,07:08
Sunrise,10/18/2023,08:28,08:38
Dhuhr,10/18/2023,14:00,14:10
Asr,10/18/2023,17:05,17:15
Maghrib,10/18/2023,19:31,19:41
Isha,10/18/2023,20:56,21:06
Fajr,10/19/2023,06:59,07:09
Sunrise,10/19/2023,08:30,08:40
Dhuhr,10/19/2023,14:00,14:10
Asr,10/19/2023,17:04,17:14
Maghrib,10/19/2023,19:29,19:39
Isha,10/19/2023,20:55,21:05
Fajr,10/20/2023,07:00,07:10
Sunrise,10/20/2023,08:31,08:41
Dhuhr,10/20/2023,14:00,14:10
Asr,10/20/2023,17:03,17:13
Maghrib,10/20/2023,19:28,19:38
Isha,10/20/2023,20:54,21:04
Fajr,10/21/2023,07:01,07:11
Sunrise,10/21/2023,08:32,08:42
Dhuhr,10/21/2023,13:59,14:09
Asr,10/21/2023,17:02,17:12
Maghrib,10/21/2023,19:27,19:37
Isha,10/21/2023,20:52,21:02
Fajr,10/22/2023,07:02,07:12
Sunrise,10/22/2023,08:33,08:43
Dhuhr,10/22/2023,13:59,14:09
Asr,10/22/2023,17:01,17:11
Maghrib,10/22/2023,19:25,19:35
Isha,10/22/2023,20:51,21:01
Fajr,10/23/2023,07:03,07:13
Sunrise,10/23/2023,08:34,08:44
Dhuhr,10/23/2023,13:59,14:09
Asr,10/23/2023,17:00,17:10
Maghrib,10/23/2023,19:24,19:34
Isha,10/23/2023,20:50,21:00
Fajr,10/24/2023,07:04,07:14
Sunrise,10/24/2023,08:35,08:45
Dhuhr,10/24/2023,13:59,14:09
Asr,10/24/2023,16:58,17:08
Maghrib,10/24/2023,19:22,19:32
Isha,10/24/2023,20:48,20:58
Fajr,10/25/2023,07:05,07:15
Sunrise,10/25/2023,08:36,08:46
Dhuhr,10/25/2023,13:59,14:09
Asr,10/25/2023,16:57,17:07
Maghrib,10/25/2023,19:21,19:31
Isha,10/25/2023,20:47,20:57
Fajr,10/26/2023,07:06,07:16
Sunrise,10/26/2023,08:37,08:47
Dhuhr,10/26/2023,13:59,14:09
Asr,10/26/2023,16:56,17:06
Maghrib,10/26/2023,19:20,19:30
Isha,10/26/2023,20:46,20:56
Fajr,10/27/2023,07:07,07:17
Sunrise,10/27/2023,08:38,08:48
Dhuhr,10/27/2023,13:59,14:09
Asr,10/27/2023,16:55,17:05
Maghrib,10/27/2023,19:18,19:28
Isha,10/27/2023,20:45,20:55
Fajr,10/28/2023,07:08,07:18
Sunrise,10/28/2023,08:40,08:50
Dhuhr,10/28/2023,13:59,14:09
Asr,10/28/2023,16:54,17:04
Maghrib,10/28/2023,19:17,19:27
Isha,10/28/2023,20:43,20:53
Fajr,10/29/2023,06:09,06:19
Sunrise,10/29/2023,07:41,07:51
Dhuhr,10/29/2023,12:59,13:09
Asr,10/29/2023,15:53,16:03
Maghrib,10/29/2023,18:16,18:26
Isha,10/29/2023,19:42,19:52
Fajr,10/30/2023,06:10,06:20
Sunrise,10/30/2023,07:42,07:52
Dhuhr,10/30/2023,12:58,13:08
Asr,10/30/2023,15:52,16:02
Maghrib,10/30/2023,18:15,18:25
Isha,10/30/2023,19:41,19:51
Fajr,10/31/2023,06:11,06:21
Sunrise,10/31/2023,07:43,07:53
Dhuhr,10/31/2023,12:58,13:08
Asr,10/31/2023,15:52,16:02
Maghrib,10/31/2023,18:13,18:23
Isha,10/31/2023,19:40,19:50
Fajr,11/01/2023,06:12,06:22
Sunrise,11/01/2023,07:44,07:54
Dhuhr,11/01/2023,12:58,13:08
Asr,11/01/2023,15:51,16:01
Maghrib,11/01/2023,18:12,18:22
Isha,11/01/2023,19:39,19:49
Fajr,11/02/2023,06:13,06:23
Sunrise,11/02/2023,07:45,07:55
Dhuhr,11/02/2023,12:58,13:08
Asr,11/02/2023,15:50,16:00
Maghrib,11/02/2023,18:11,18:21
Isha,11/02/2023,19:38,19:48
Fajr,11/03/2023,06:14,06:24
Sunrise,11/03/2023,07:46,07:56
Dhuhr,11/03/2023,12:58,13:08
Asr,11/03/2023,15:49,15:59
Maghrib,11/03/2023,18:10,18:20
Isha,11/03/2023,19:37,19:47
Fajr,11/04/2023,06:15,06:25
Sunrise,11/04/2023,07:48,07:58
Dhuhr,11/04/2023,12:58,13:08
Asr,11/04/2023,15:48,15:58
Maghrib,11/04/2023,18:09,18:19
Isha,11/04/2023,19:36,19:46
Fajr,11/05/2023,06:16,06:26
Sunrise,11/05/2023,07:49,07:59
Dhuhr,11/05/2023,12:58,13:08
Asr,11/05/2023,15:47,15:57
Maghrib,11/05/2023,18:07,18:17
Isha,11/05/2023,19:35,19:45
Fajr,11/06/2023,06:17,06:27
Sunrise,11/06/2023,07:50,08:00
Dhuhr,11/06/2023,12:58,13:08
Asr,11/06/2023,15:46,15:56
Maghrib,11/06/2023,18:06,18:16
Isha,11/06/2023,19:34,19:44
Fajr,11/07/2023,06:18,06:28
Sunrise,11/07/2023,07:51,08:01
Dhuhr,11/07/2023,12:58,13:08
Asr,11/07/2023,15:45,15:55
Maghrib,11/07/2023,18:05,18:15
Isha,11/07/2023,19:33,19:43
Fajr,11/08/2023,06:19,06:29
Sunrise,11/08/2023,07:52,08:02
Dhuhr,11/08/2023,12:59,13:09
Asr,11/08/2023,15:45,15:55
Maghrib,11/08/2023,18:04,18:14
Isha,11/08/2023,19:32,19:42
Fajr,11/09/2023,06:20,06:30
Sunrise,11/09/2023,07:53,08:03
Dhuhr,11/09/2023,12:59,13:09
Asr,11/09/2023,15:44,15:54
Maghrib,11/09/2023,18:03,18:13
Isha,11/09/2023,19:31,19:41
Fajr,11/10/2023,06:21,06:31
Sunrise,11/10/2023,07:55,08:05
Dhuhr,11/10/2023,12:59,13:09
Asr,11/10/2023,15:43,15:53
Maghrib,11/10/2023,18:02,18:12
Isha,11/10/2023,19:30,19:40
Fajr,11/11/2023,06:22,06:32
Sunrise,11/11/2023,07:56,08:06
Dhuhr,11/11/2023,12:59,13:09
Asr,11/11/2023,15:42,15:52
Maghrib,11/11/2023,18:01,18:11
Isha,11/11/2023,19:30,19:40
Fajr,11/12/2023,06:23,06:33
Sunrise,11/12/2023,07:57,08:07
Dhuhr,11/12/2023,12:59,13:09
Asr,11/12/2023,15:42,15:52
Maghrib,11/12/2023,18:00,18:10
Isha,11/12/2023,19:29,19:39
Fajr,11/13/2023,06:24,06:34
Sunrise,11/13/2023,07:58,08:08
Dhuhr,11/13/2023,12:59,13:09
Asr,11/13/2023,15:41,15:51
Maghrib,11/13/2023,17:59,18:09
Isha,11/13/2023,19:28,19:38
Fajr,11/14/2023,06:25,06:35
Sunrise,11/14/2023,07:59,08:09
Dhuhr,11/14/2023,12:59,13:09
Asr,11/14/2023,15:40,15:50
Maghrib,11/14/2023,17:59,18:09
Isha,11/14/2023,19:27,19:37
Fajr,11/15/2023,06:26,06:36
Sunrise,11/15/2023,08:00,08:10
Dhuhr,11/15/2023,12:59,13:09
Asr,11/15/2023,15:40,15:50
Maghrib,11/15/2023,17:58,18:08
Isha,11/15/2023,19:27,19:37
Fajr,11/16/2023,06:27,06:37
Sunrise,11/16/2023,08:02,08:12
Dhuhr,11/16/2023,13:00,13:10
Asr,11/16/2023,15:39,15:49
Maghrib,11/16/2023,17:57,18:07
Isha,11/16/2023,19:26,19:36
Fajr,11/17/2023,06:28,06:38
Sunrise,11/17/2023,08:03,08:13
Dhuhr,11/17/2023,13:00,13:10
Asr,11/17/2023,15:38,15:48
Maghrib,11/17/2023,17:56,18:06
Isha,11/17/2023,19:26,19:36
Fajr,11/18/2023,06:29,06:39
Sunrise,11/18/2023,08:04,08:14
Dhuhr,11/18/2023,13:00,13:10
Asr,11/18/2023,15:38,15:48
Maghrib,11/18/2023,17:55,18:05
Isha,11/18/2023,19:25,19:35
Fajr,11/19/2023,06:30,06:40
Sunrise,11/19/2023,08:05,08:15
Dhuhr,11/19/2023,13:00,13:10
Asr,11/19/2023,15:37,15:47
Maghrib,11/19/2023,17:55,18:05
Isha,11/19/2023,19:24,19:34
Fajr,11/20/2023,06:31,06:41
Sunrise,11/20/2023,08:06,08:16
Dhuhr,11/20/2023,13:00,13:10
Asr,11/20/2023,15:37,15:47
Maghrib,11/20/2023,17:54,18:04
Isha,11/20/2023,19:24,19:34
Fajr,11/21/2023,06:32,06:42
Sunrise,11/21/2023,08:07,08:17
Dhuhr,11/21/2023,13:01,13:11
Asr,11/21/2023,15:36,15:46
Maghrib,11/21/2023,17:53,18:03
Isha,11/21/2023,19:23,19:33
Fajr,11/22/2023,06:33,06:43
Sunrise,11/22/2023,08:08,08:18
Dhuhr,11/22/2023,13:01,13:11
Asr,11/22/2023,15:36,15:46
Maghrib,11/22/2023,17:53,18:03
Isha,11/22/2023,19:23,19:33
Fajr,11/23/2023,06:34,06:44
Sunrise,11/23/2023,08:10,08:20
Dhuhr,11/23/2023,13:01,13:11
Asr,11/23/2023,15:35,15:45
Maghrib,11/23/2023,17:52,18:02
Isha,11/23/2023,19:23,19:33
Fajr,11/24/2023,06:35,06:45
Sunrise,11/24/2023,08:11,08:21
Dhuhr,11/24/2023,13:01,13:11
Asr,11/24/2023,15:35,15:45
Maghrib,11/24/2023,17:52,18:02
Isha,11/24/2023,19:22,19:32
Fajr,11/25/2023,06:36,06:46
Sunrise,11/25/2023,08:12,08:22
Dhuhr,11/25/2023,13:02,13:12
Asr,11/25/2023,15:34,15:44
Maghrib,11/25/2023,17:51,18:01
Isha,11/25/2023,19:22,19:32
Fajr,11/26/2023,06:37,06:47
Sunrise,11/26/2023,08:13,08:23
Dhuhr,11/26/2023,13:02,13:12
Asr,11/26/2023,15:34,15:44
Maghrib,11/26/2023,17:51,18:01
Isha,11/26/2023,19:22,19:32
Fajr,11/27/2023,06:38,06:48
Sunrise,11/27/2023,08:14,08:24
Dhuhr,11/27/2023,13:02,13:12
Asr,11/27/2023,15:34,15:44
Maghrib,11/27/2023,17:50,18:00
Isha,11/27/2023,19:21,19:31
Fajr,11/28/2023,06:39,06:49
Sunrise,11/28/2023,08:15,08:25
Dhuhr,11/28/2023,13:03,13:13
Asr,11/28/2023,15:33,15:43
Maghrib,11/28/2023,17:50,18:00
Isha,11/28/2023,19:21,19:31
Fajr,11/29/2023,06:40,06:50
Sunrise,11/29/2023,08:16,08:26
Dhuhr,11/29/2023,13:03,13:13
Asr,11/29/2023,15:33,15:43
Maghrib,11/29/2023,17:50,18:00
Isha,11/29/2023,19:21,19:31
Fajr,11/30/2023,06:40,06:50
Sunrise,11/30/2023,08:17,08:27
Dhuhr,11/30/2023,13:03,13:13
Asr,11/30/2023,15:33,15:43
Maghrib,11/30/2023,17:49,17:59
Isha,11/30/2023,19:21,19:31
Fajr,12/01/2023,06:41,06:51
Sunrise,12/01/2023,08:18,08:28
Dhuhr,12/01/2023,13:04,13:14
Asr,12/01/2023,15:33,15:43
Maghrib,12/01/2023,17:49,17:59
Isha,12/01/2023,19:20,19:30
Fajr,12/02/2023,06:42,06:52
Sunrise,12/02/2023,08:19,08:29
Dhuhr,12/02/2023,13:04,13:14
Asr,12/02/2023,15:33,15:43
Maghrib,12/02/2023,17:49,17:59
Isha,12/02/2023,19:20,19:30
Fajr,12/03/2023,06:43,06:53
Sunrise,12/03/2023,08:20,08:30
Dhuhr,12/03/2023,13:05,13:15
Asr,12/03/2023,15:32,15:42
Maghrib,12/03/2023,17:49,17:59
Isha,12/03/2023,19:20,19:30
Fajr,12/04/2023,06:44,06:54
Sunrise,12/04/2023,08:21,08:31
Dhuhr,12/04/2023,13:05,13:15
Asr,12/04/2023,15:32,15:42
Maghrib,12/04/2023,17:48,17:58
Isha,12/04/2023,19:20,19:30
Fajr,12/05/2023,06:45,06:55
Sunrise,12/05/2023,08:22,08:32
Dhuhr,12/05/2023,13:05,13:15
Asr,12/05/2023,15:32,15:42
Maghrib,12/05/2023,17:48,17:58
Isha,12/05/2023,19:20,19:30
Fajr,12/06/2023,06:46,06:56
Sunrise,12/06/2023,08:23,08:33
Dhuhr,12/06/2023,13:06,13:16
Asr,12/06/2023,15:32,15:42
Maghrib,12/06/2023,17:48,17:58
Isha,12/06/2023,19:20,19:30
Fajr,12/07/2023,06:46,06:56
Sunrise,12/07/2023,08:24,08:34
Dhuhr,12/07/2023,13:06,13:16
Asr,12/07/2023,15:32,15:42
Maghrib,12/07/2023,17:48,17:58
Isha,12/07/2023,19:20,19:30
Fajr,12/08/2023,06:47,06:57
Sunrise,12/08/2023,08:25,08:35
Dhuhr,12/08/2023,13:07,13:17
Asr,12/08/2023,15:32,15:42
Maghrib,12/08/2023,17:48,17:58
Isha,12/08/2023,19:20,19:30
Fajr,12/09/2023,06:48,06:58
Sunrise,12/09/2023,08:26,08:36
Dhuhr,12/09/2023,13:07,13:17
Asr,12/09/2023,15:32,15:42
Maghrib,12/09/2023,17:48,17:58
Isha,12/09/2023,19:20,19:30
Fajr,12/10/2023,06:49,06:59
Sunrise,12/10/2023,08:27,08:37
Dhuhr,12/10/2023,13:07,13:17
Asr,12/10/2023,15:32,15:42
Maghrib,12/10/2023,17:48,17:58
Isha,12/10/2023,19:21,19:31
Fajr,12/11/2023,06:49,06:59
Sunrise,12/11/2023,08:27,08:37
Dhuhr,12/11/2023,13:08,13:18
Asr,12/11/2023,15:32,15:42
Maghrib,12/11/2023,17:48,17:58
Isha,12/11/2023,19:21,19:31
Fajr,12/12/2023,06:50,07:00
Sunrise,12/12/2023,08:28,08:38
Dhuhr,12/12/2023,13:08,13:18
Asr,12/12/2023,15:32,15:42
Maghrib,12/12/2023,17:48,17:58
Isha,12/12/2023,19:21,19:31
Fajr,12/13/2023,06:51,07:01
Sunrise,12/13/2023,08:29,08:39
Dhuhr,12/13/2023,13:09,13:19
Asr,12/13/2023,15:33,15:43
Maghrib,12/13/2023,17:49,17:59
Isha,12/13/2023,19:21,19:31
Fajr,12/14/2023,06:52,07:02
Sunrise,12/14/2023,08:30,08:40
Dhuhr,12/14/2023,13:09,13:19
Asr,12/14/2023,15:33,15:43
Maghrib,12/14/2023,17:49,17:59
Isha,12/14/2023,19:21,19:31
Fajr,12/15/2023,06:52,07:02
Sunrise,12/15/2023,08:30,08:40
Dhuhr,12/15/2023,13:10,13:20
Asr,12/15/2023,15:33,15:43
Maghrib,12/15/2023,17:49,17:59
Isha,12/15/2023,19:22,19:32
Fajr,12/16/2023,06:53,07:03
Sunrise,12/16/2023,08:31,08:41
Dhuhr,12/16/2023,13:10,13:20
Asr,12/16/2023,15:33,15:43
Maghrib,12/16/2023,17:49,17:59
Isha,12/16/2023,19:22,19:32
Fajr,12/17/2023,06:54,07:04
Sunrise,12/17/2023,08:32,08:42
Dhuhr,12/17/2023,13:11,13:21
Asr,12/17/2023,15:34,15:44
Maghrib,12/17/2023,17:50,18:00
Isha,12/17/2023,19:22,19:32
Fajr,12/18/2023,06:54,07:04
Sunrise,12/18/2023,08:32,08:42
Dhuhr,12/18/2023,13:11,13:21
Asr,12/18/2023,15:34,15:44
Maghrib,12/18/2023,17:50,18:00
Isha,12/18/2023,19:23,19:33
Fajr,12/19/2023,06:55,07:05
Sunrise,12/19/2023,08:33,08:43
Dhuhr,12/19/2023,13:12,13:22
Asr,12/19/2023,15:34,15:44
Maghrib,12/19/2023,17:50,18:00
Isha,12/19/2023,19:23,19:33
Fajr,12/20/2023,06:55,07:05
Sunrise,12/20/2023,08:34,08:44
Dhuhr,12/20/2023,13:12,13:22
Asr,12/20/2023,15:35,15:45
Maghrib,12/20/2023,17:51,18:01
Isha,12/20/2023,19:24,19:34
Fajr,12/21/2023,06:56,07:06
Sunrise,12/21/2023,08:34,08:44
Dhuhr,12/21/2023,13:13,13:23
Asr,12/21/2023,15:35,15:45
Maghrib,12/21/2023,17:51,18:01
Isha,12/21/2023,19:24,19:34
Fajr,12/22/2023,06:56,07:06
Sunrise,12/22/2023,08:35,08:45
Dhuhr,12/22/2023,13:13,13:23
Asr,12/22/2023,15:35,15:45
Maghrib,12/22/2023,17:52,18:02
Isha,12/22/2023,19:25,19:35
Fajr,12/23/2023,06:57,07:07
Sunrise,12/23/2023,08:35,08:45
Dhuhr,12/23/2023,13:14,13:24
Asr,12/23/2023,15:36,15:46
Maghrib,12/23/2023,17:52,18:02
Isha,12/23/2023,19:25,19:35
Fajr,12/24/2023,06:57,07:07
Sunrise,12/24/2023,08:36,08:46
Dhuhr,12/24/2023,13:14,13:24
Asr,12/24/2023,15:36,15:46
Maghrib,12/24/2023,17:53,18:03
Isha,12/24/2023,19:26,19:36
Fajr,12/25/2023,06:58,07:08
Sunrise,12/25/2023,08:36,08:46
Dhuhr,12/25/2023,13:15,13:25
Asr,12/25/2023,15:37,15:47
Maghrib,12/25/2023,17:54,18:04
Isha,12/25/2023,19:26,19:36
Fajr,12/26/2023,06:58,07:08
Sunrise,12/26/2023,08:36,08:46
Dhuhr,12/26/2023,13:15,13:25
Asr,12/26/2023,15:37,15:47
Maghrib,12/26/2023,17:54,18:04
Isha,12/26/2023,19:27,19:37
Fajr,12/27/2023,06:58,07:08
Sunrise,12/27/2023,08:37,08:47
Dhuhr,12/27/2023,13:16,13:26
Asr,12/27/2023,15:38,15:48
Maghrib,12/27/2023,17:55,18:05
Isha,12/27/2023,19:28,19:38
Fajr,12/28/2023,06:59,07:09
Sunrise,12/28/2023,08:37,08:47
Dhuhr,12/28/2023,13:16,13:26
Asr,12/28/2023,15:38,15:48
Maghrib,12/28/2023,17:56,18:06
Isha,12/28/2023,19:28,19:38
Fajr,12/29/2023,06:59,07:09
Sunrise,12/29/2023,08:37,08:47
Dhuhr,12/29/2023,13:17,13:27
Asr,12/29/2023,15:39,15:49
Maghrib,12/29/2023,17:56,18:06
Isha,12/29/2023,19:29,19:39
Fajr,12/30/2023,06:59,07:09
Sunrise,12/30/2023,08:38,08:48
Dhuhr,12/30/2023,13:17,13:27
Asr,12/30/2023,15:40,15:50
Maghrib,12/30/2023,17:57,18:07
Isha,12/30/2023,19:30,19:40
Fajr,12/31/2023,07:00,07:10
Sunrise,12/31/2023,08:38,08:48
Dhuhr,12/31/2023,13:18,13:28
Asr,12/31/2023,15:40,15:50
Maghrib,12/31/2023,17:58,18:08
Isha,12/31/2023,19:30,19:40
